segment_id,song_id,audio_path,valence_mean,arousal_mean
2,2,data/processed_audio/2.wav,3.1,3.0
3,3,data/processed_audio/3.wav,3.5,3.3
4,4,data/processed_audio/4.wav,5.7,5.5
5,5,data/processed_audio/5.wav,4.4,5.3
7,7,data/processed_audio/7.wav,5.8,6.4
8,8,data/processed_audio/8.wav,3.2,4.8
10,10,data/processed_audio/10.wav,4.0,4.7
12,12,data/processed_audio/12.wav,5.5,5.8
13,13,data/processed_audio/13.wav,3.2,4.0
17,17,data/processed_audio/17.wav,4.4,6.0
18,18,data/processed_audio/18.wav,4.8,3.9
19,19,data/processed_audio/19.wav,5.9,4.3
20,20,data/processed_audio/20.wav,5.4,6.5
21,21,data/processed_audio/21.wav,6.6,6.3
22,22,data/processed_audio/22.wav,4.0,4.8
24,24,data/processed_audio/24.wav,5.3,3.9
25,25,data/processed_audio/25.wav,7.9,4.7
31,31,data/processed_audio/31.wav,4.7,3.8
32,32,data/processed_audio/32.wav,4.2,3.3
35,35,data/processed_audio/35.wav,4.8,6.5
37,37,data/processed_audio/37.wav,6.6,5.3
39,39,data/processed_audio/39.wav,7.3,5.4
40,40,data/processed_audio/40.wav,4.6,4.8
41,41,data/processed_audio/41.wav,4.3,5.1
42,42,data/processed_audio/42.wav,6.1,5.1
43,43,data/processed_audio/43.wav,6.7,3.5
44,44,data/processed_audio/44.wav,3.9,4.9
45,45,data/processed_audio/45.wav,5.1,2.1
46,46,data/processed_audio/46.wav,5.3,4.0
47,47,data/processed_audio/47.wav,4.4,4.4
48,48,data/processed_audio/48.wav,4.5,4.8
49,49,data/processed_audio/49.wav,3.9,5.3
50,50,data/processed_audio/50.wav,3.6,4.8
51,51,data/processed_audio/51.wav,3.6,3.2
52,52,data/processed_audio/52.wav,4.6,5.1
53,53,data/processed_audio/53.wav,4.3,5.1
54,54,data/processed_audio/54.wav,3.1,3.3
55,55,data/processed_audio/55.wav,5.8,5.4
56,56,data/processed_audio/56.wav,6.4,5.8
58,58,data/processed_audio/58.wav,3.3,3.4
59,59,data/processed_audio/59.wav,5.3,4.1
60,60,data/processed_audio/60.wav,4.3,6.4
62,62,data/processed_audio/62.wav,6.2,3.9
64,64,data/processed_audio/64.wav,3.6,4.9
65,65,data/processed_audio/65.wav,6.4,5.8
67,67,data/processed_audio/67.wav,7.2,6.8
68,68,data/processed_audio/68.wav,3.8,4.9
69,69,data/processed_audio/69.wav,3.2,3.9
70,70,data/processed_audio/70.wav,4.4,3.6
71,71,data/processed_audio/71.wav,5.9,3.7
72,72,data/processed_audio/72.wav,6.7,5.6
73,73,data/processed_audio/73.wav,5.8,5.6
74,74,data/processed_audio/74.wav,3.0,4.3
76,76,data/processed_audio/76.wav,4.3,3.2
77,77,data/processed_audio/77.wav,4.2,2.9
78,78,data/processed_audio/78.wav,3.4,3.9
79,79,data/processed_audio/79.wav,5.5,5.5
80,80,data/processed_audio/80.wav,6.0,5.1
81,81,data/processed_audio/81.wav,6.1,3.9
82,82,data/processed_audio/82.wav,2.9,3.5
83,83,data/processed_audio/83.wav,6.1,5.8
84,84,data/processed_audio/84.wav,5.9,5.6
85,85,data/processed_audio/85.wav,7.1,6.2
86,86,data/processed_audio/86.wav,5.4,5.6
87,87,data/processed_audio/87.wav,5.3,2.6
88,88,data/processed_audio/88.wav,6.7,5.5
89,89,data/processed_audio/89.wav,4.5,4.8
90,90,data/processed_audio/90.wav,4.3,4.2
91,91,data/processed_audio/91.wav,4.5,5.5
92,92,data/processed_audio/92.wav,5.8,4.7
93,93,data/processed_audio/93.wav,7.2,6.0
95,95,data/processed_audio/95.wav,3.3,4.6
96,96,data/processed_audio/96.wav,6.8,6.9
98,98,data/processed_audio/98.wav,4.3,2.7
99,99,data/processed_audio/99.wav,4.3,4.1
101,101,data/processed_audio/101.wav,3.4,2.8
102,102,data/processed_audio/102.wav,6.5,5.4
103,103,data/processed_audio/103.wav,5.6,3.3
104,104,data/processed_audio/104.wav,6.1,3.3
105,105,data/processed_audio/105.wav,6.5,5.0
106,106,data/processed_audio/106.wav,4.6,3.3
107,107,data/processed_audio/107.wav,6.0,4.8
108,108,data/processed_audio/108.wav,4.5,4.2
109,109,data/processed_audio/109.wav,4.4,4.5
110,110,data/processed_audio/110.wav,4.4,2.8
111,111,data/processed_audio/111.wav,5.3,5.3
112,112,data/processed_audio/112.wav,6.8,6.4
113,113,data/processed_audio/113.wav,5.4,3.8
114,114,data/processed_audio/114.wav,4.8,5.7
115,115,data/processed_audio/115.wav,8.4,7.8
116,116,data/processed_audio/116.wav,4.4,3.9
117,117,data/processed_audio/117.wav,3.9,5.0
118,118,data/processed_audio/118.wav,4.9,4.6
119,119,data/processed_audio/119.wav,4.3,3.2
120,120,data/processed_audio/120.wav,3.8,5.0
121,121,data/processed_audio/121.wav,3.1,3.9
122,122,data/processed_audio/122.wav,5.5,4.6
123,123,data/processed_audio/123.wav,6.1,6.2
124,124,data/processed_audio/124.wav,3.7,2.8
125,125,data/processed_audio/125.wav,4.5,4.2
126,126,data/processed_audio/126.wav,5.1,6.1
127,127,data/processed_audio/127.wav,3.0,5.3
128,128,data/processed_audio/128.wav,3.6,4.0
129,129,data/processed_audio/129.wav,4.2,6.0
130,130,data/processed_audio/130.wav,3.3,4.2
131,131,data/processed_audio/131.wav,6.1,4.9
133,133,data/processed_audio/133.wav,2.8,2.2
134,134,data/processed_audio/134.wav,5.4,6.0
135,135,data/processed_audio/135.wav,3.7,3.5
136,136,data/processed_audio/136.wav,6.8,6.2
137,137,data/processed_audio/137.wav,4.3,5.8
138,138,data/processed_audio/138.wav,3.8,2.4
140,140,data/processed_audio/140.wav,4.2,4.5
142,142,data/processed_audio/142.wav,4.6,4.8
143,143,data/processed_audio/143.wav,4.0,4.9
144,144,data/processed_audio/144.wav,3.4,4.7
145,145,data/processed_audio/145.wav,3.1,5.4
146,146,data/processed_audio/146.wav,2.4,3.5
148,148,data/processed_audio/148.wav,4.7,5.0
149,149,data/processed_audio/149.wav,3.4,3.1
150,150,data/processed_audio/150.wav,5.0,5.4
151,151,data/processed_audio/151.wav,4.0,4.5
152,152,data/processed_audio/152.wav,4.4,5.6
153,153,data/processed_audio/153.wav,3.9,4.5
154,154,data/processed_audio/154.wav,4.2,4.1
155,155,data/processed_audio/155.wav,3.6,5.4
156,156,data/processed_audio/156.wav,6.4,6.7
157,157,data/processed_audio/157.wav,4.0,6.2
158,158,data/processed_audio/158.wav,2.1,3.6
159,159,data/processed_audio/159.wav,3.8,3.1
160,160,data/processed_audio/160.wav,3.5,3.5
161,161,data/processed_audio/161.wav,6.3,3.5
162,162,data/processed_audio/162.wav,3.7,4.6
163,163,data/processed_audio/163.wav,3.6,4.5
164,164,data/processed_audio/164.wav,4.1,2.9
166,166,data/processed_audio/166.wav,3.1,4.2
167,167,data/processed_audio/167.wav,2.7,3.3
168,168,data/processed_audio/168.wav,3.3,3.4
169,169,data/processed_audio/169.wav,2.4,2.8
170,170,data/processed_audio/170.wav,3.0,5.0
171,171,data/processed_audio/171.wav,2.1,3.6
172,172,data/processed_audio/172.wav,3.8,5.0
173,173,data/processed_audio/173.wav,4.6,2.2
174,174,data/processed_audio/174.wav,4.0,3.8
175,175,data/processed_audio/175.wav,3.7,4.3
176,176,data/processed_audio/176.wav,2.4,3.9
177,177,data/processed_audio/177.wav,4.8,5.6
178,178,data/processed_audio/178.wav,2.8,3.7
179,179,data/processed_audio/179.wav,5.2,6.0
180,180,data/processed_audio/180.wav,4.8,5.9
181,181,data/processed_audio/181.wav,3.7,2.5
182,182,data/processed_audio/182.wav,2.2,3.7
184,184,data/processed_audio/184.wav,3.6,3.4
185,185,data/processed_audio/185.wav,4.9,4.6
186,186,data/processed_audio/186.wav,3.7,4.0
187,187,data/processed_audio/187.wav,2.5,3.7
188,188,data/processed_audio/188.wav,4.0,3.3
189,189,data/processed_audio/189.wav,6.5,7.1
190,190,data/processed_audio/190.wav,2.8,3.1
191,191,data/processed_audio/191.wav,5.1,6.3
192,192,data/processed_audio/192.wav,5.8,6.1
193,193,data/processed_audio/193.wav,4.1,3.0
194,194,data/processed_audio/194.wav,2.7,4.7
195,195,data/processed_audio/195.wav,4.2,2.7
196,196,data/processed_audio/196.wav,4.3,4.5
197,197,data/processed_audio/197.wav,2.2,2.8
198,198,data/processed_audio/198.wav,1.9,3.3
199,199,data/processed_audio/199.wav,5.3,5.7
201,201,data/processed_audio/201.wav,3.7,4.8
202,202,data/processed_audio/202.wav,4.6,5.2
203,203,data/processed_audio/203.wav,3.5,4.8
204,204,data/processed_audio/204.wav,3.6,2.2
205,205,data/processed_audio/205.wav,3.0,4.5
206,206,data/processed_audio/206.wav,2.3,2.6
207,207,data/processed_audio/207.wav,4.8,4.8
208,208,data/processed_audio/208.wav,4.8,6.5
209,209,data/processed_audio/209.wav,3.1,4.6
210,210,data/processed_audio/210.wav,4.2,5.5
211,211,data/processed_audio/211.wav,3.1,4.9
212,212,data/processed_audio/212.wav,4.6,5.4
213,213,data/processed_audio/213.wav,2.6,2.5
214,214,data/processed_audio/214.wav,3.6,4.1
215,215,data/processed_audio/215.wav,3.2,2.6
216,216,data/processed_audio/216.wav,4.5,5.3
217,217,data/processed_audio/217.wav,3.5,4.8
218,218,data/processed_audio/218.wav,2.9,4.0
219,219,data/processed_audio/219.wav,2.4,3.8
220,220,data/processed_audio/220.wav,4.1,3.4
221,221,data/processed_audio/221.wav,4.3,3.4
222,222,data/processed_audio/222.wav,3.8,4.3
223,223,data/processed_audio/223.wav,2.2,3.5
224,224,data/processed_audio/224.wav,5.5,5.7
225,225,data/processed_audio/225.wav,3.7,4.2
226,226,data/processed_audio/226.wav,4.9,5.0
227,227,data/processed_audio/227.wav,3.1,3.5
228,228,data/processed_audio/228.wav,3.5,4.0
229,229,data/processed_audio/229.wav,4.8,4.8
231,231,data/processed_audio/231.wav,4.1,5.6
232,232,data/processed_audio/232.wav,2.5,2.7
233,233,data/processed_audio/233.wav,4.7,4.5
234,234,data/processed_audio/234.wav,3.5,3.9
235,235,data/processed_audio/235.wav,3.0,3.7
236,236,data/processed_audio/236.wav,2.5,2.4
237,237,data/processed_audio/237.wav,4.2,3.9
238,238,data/processed_audio/238.wav,3.0,4.6
239,239,data/processed_audio/239.wav,2.3,3.3
240,240,data/processed_audio/240.wav,6.4,6.6
241,241,data/processed_audio/241.wav,4.1,4.6
242,242,data/processed_audio/242.wav,3.5,4.7
243,243,data/processed_audio/243.wav,7.2,4.1
244,244,data/processed_audio/244.wav,4.3,4.2
245,245,data/processed_audio/245.wav,4.2,6.1
246,246,data/processed_audio/246.wav,4.9,3.2
247,247,data/processed_audio/247.wav,3.9,4.5
248,248,data/processed_audio/248.wav,3.4,3.7
250,250,data/processed_audio/250.wav,3.4,3.6
253,253,data/processed_audio/253.wav,6.6,2.5
254,254,data/processed_audio/254.wav,5.3,7.4
257,257,data/processed_audio/257.wav,7.6,6.9
258,258,data/processed_audio/258.wav,4.3,4.3
260,260,data/processed_audio/260.wav,5.3,3.6
262,262,data/processed_audio/262.wav,5.6,6.9
264,264,data/processed_audio/264.wav,5.3,5.5
265,265,data/processed_audio/265.wav,4.5,6.4
266,266,data/processed_audio/266.wav,3.6,4.8
269,269,data/processed_audio/269.wav,4.3,4.8
270,270,data/processed_audio/270.wav,6.1,7.1
272,272,data/processed_audio/272.wav,5.9,6.4
273,273,data/processed_audio/273.wav,5.4,7.2
274,274,data/processed_audio/274.wav,7.7,6.0
275,275,data/processed_audio/275.wav,5.3,5.5
276,276,data/processed_audio/276.wav,6.1,5.3
278,278,data/processed_audio/278.wav,5.5,5.1
279,279,data/processed_audio/279.wav,3.6,4.7
280,280,data/processed_audio/280.wav,4.2,3.3
281,281,data/processed_audio/281.wav,5.4,7.0
282,282,data/processed_audio/282.wav,3.2,4.2
284,284,data/processed_audio/284.wav,4.4,5.2
285,285,data/processed_audio/285.wav,3.5,5.1
286,286,data/processed_audio/286.wav,5.7,6.9
288,288,data/processed_audio/288.wav,3.5,5.2
289,289,data/processed_audio/289.wav,5.7,6.7
290,290,data/processed_audio/290.wav,2.1,3.9
292,292,data/processed_audio/292.wav,7.3,7.4
293,293,data/processed_audio/293.wav,6.3,4.2
294,294,data/processed_audio/294.wav,5.5,6.5
296,296,data/processed_audio/296.wav,5.9,5.7
297,297,data/processed_audio/297.wav,3.1,3.6
298,298,data/processed_audio/298.wav,4.0,5.4
299,299,data/processed_audio/299.wav,2.8,4.3
300,300,data/processed_audio/300.wav,6.8,4.5
301,301,data/processed_audio/301.wav,3.2,3.7
302,302,data/processed_audio/302.wav,6.6,7.0
303,303,data/processed_audio/303.wav,7.0,6.4
304,304,data/processed_audio/304.wav,3.8,4.6
305,305,data/processed_audio/305.wav,6.4,6.8
306,306,data/processed_audio/306.wav,5.7,6.7
307,307,data/processed_audio/307.wav,6.1,6.8
308,308,data/processed_audio/308.wav,4.3,6.6
309,309,data/processed_audio/309.wav,5.3,5.8
310,310,data/processed_audio/310.wav,2.1,2.7
311,311,data/processed_audio/311.wav,5.8,6.9
312,312,data/processed_audio/312.wav,4.6,5.8
313,313,data/processed_audio/313.wav,3.6,5.3
314,314,data/processed_audio/314.wav,5.8,5.9
315,315,data/processed_audio/315.wav,6.4,7.5
316,316,data/processed_audio/316.wav,2.8,3.5
317,317,data/processed_audio/317.wav,6.1,4.3
318,318,data/processed_audio/318.wav,5.9,5.9
319,319,data/processed_audio/319.wav,4.5,6.6
320,320,data/processed_audio/320.wav,7.4,6.6
321,321,data/processed_audio/321.wav,7.3,6.0
322,322,data/processed_audio/322.wav,6.1,7.6
323,323,data/processed_audio/323.wav,4.82,5.73
324,324,data/processed_audio/324.wav,3.3,4.7
325,325,data/processed_audio/325.wav,5.5,5.4
326,326,data/processed_audio/326.wav,5.4,7.2
327,327,data/processed_audio/327.wav,6.0,7.1
328,328,data/processed_audio/328.wav,5.2,4.2
329,329,data/processed_audio/329.wav,3.3,4.2
330,330,data/processed_audio/330.wav,5.9,3.1
332,332,data/processed_audio/332.wav,5.5,6.9
333,333,data/processed_audio/333.wav,6.7,6.1
334,334,data/processed_audio/334.wav,5.9,5.9
335,335,data/processed_audio/335.wav,6.8,6.8
336,336,data/processed_audio/336.wav,6.1,6.6
338,338,data/processed_audio/338.wav,3.0,3.8
339,339,data/processed_audio/339.wav,5.9,6.9
340,340,data/processed_audio/340.wav,3.8,4.6
341,341,data/processed_audio/341.wav,3.8,4.4
342,342,data/processed_audio/342.wav,4.0,5.1
343,343,data/processed_audio/343.wav,7.0,8.1
344,344,data/processed_audio/344.wav,4.6,5.2
345,345,data/processed_audio/345.wav,7.2,6.5
346,346,data/processed_audio/346.wav,6.7,7.3
347,347,data/processed_audio/347.wav,3.82,5.82
348,348,data/processed_audio/348.wav,5.0,5.7
349,349,data/processed_audio/349.wav,4.6,5.8
350,350,data/processed_audio/350.wav,6.0,6.5
352,352,data/processed_audio/352.wav,5.5,4.5
353,353,data/processed_audio/353.wav,4.0,4.8
354,354,data/processed_audio/354.wav,7.1,6.4
355,355,data/processed_audio/355.wav,5.1,6.5
356,356,data/processed_audio/356.wav,4.6,5.6
357,357,data/processed_audio/357.wav,4.8,6.5
358,358,data/processed_audio/358.wav,5.6,4.2
359,359,data/processed_audio/359.wav,2.5,3.7
360,360,data/processed_audio/360.wav,2.5,5.5
361,361,data/processed_audio/361.wav,2.55,3.36
362,362,data/processed_audio/362.wav,4.0,5.9
364,364,data/processed_audio/364.wav,5.5,6.5
365,365,data/processed_audio/365.wav,6.0,7.1
366,366,data/processed_audio/366.wav,6.9,6.1
367,367,data/processed_audio/367.wav,3.1,2.7
368,368,data/processed_audio/368.wav,4.8,6.1
369,369,data/processed_audio/369.wav,2.9,3.4
370,370,data/processed_audio/370.wav,3.8,3.4
371,371,data/processed_audio/371.wav,5.2,6.6
372,372,data/processed_audio/372.wav,3.6,4.8
374,374,data/processed_audio/374.wav,7.0,4.9
375,375,data/processed_audio/375.wav,1.9,2.8
376,376,data/processed_audio/376.wav,5.0,5.9
378,378,data/processed_audio/378.wav,5.5,5.9
379,379,data/processed_audio/379.wav,1.9,2.9
380,380,data/processed_audio/380.wav,5.6,4.8
381,381,data/processed_audio/381.wav,6.0,6.7
383,383,data/processed_audio/383.wav,4.2,3.6
384,384,data/processed_audio/384.wav,3.6,4.1
386,386,data/processed_audio/386.wav,5.0,5.5
387,387,data/processed_audio/387.wav,6.2,6.2
390,390,data/processed_audio/390.wav,5.7,6.2
391,391,data/processed_audio/391.wav,5.5,6.1
392,392,data/processed_audio/392.wav,3.4,4.8
393,393,data/processed_audio/393.wav,6.0,6.4
395,395,data/processed_audio/395.wav,6.7,6.2
397,397,data/processed_audio/397.wav,7.0,7.0
399,399,data/processed_audio/399.wav,6.7,7.0
400,400,data/processed_audio/400.wav,5.1,5.6
401,401,data/processed_audio/401.wav,5.5,6.4
402,402,data/processed_audio/402.wav,7.1,7.1
403,403,data/processed_audio/403.wav,5.1,5.2
404,404,data/processed_audio/404.wav,6.9,6.8
405,405,data/processed_audio/405.wav,6.1,7.4
406,406,data/processed_audio/406.wav,5.3,4.3
407,407,data/processed_audio/407.wav,4.3,4.5
408,408,data/processed_audio/408.wav,6.6,6.1
410,410,data/processed_audio/410.wav,3.8,5.1
415,415,data/processed_audio/415.wav,6.0,5.2
416,416,data/processed_audio/416.wav,5.5,5.2
419,419,data/processed_audio/419.wav,3.3,4.0
420,420,data/processed_audio/420.wav,4.5,5.4
422,422,data/processed_audio/422.wav,2.8,3.7
423,423,data/processed_audio/423.wav,5.2,4.5
425,425,data/processed_audio/425.wav,7.1,6.8
426,426,data/processed_audio/426.wav,5.3,5.3
427,427,data/processed_audio/427.wav,5.2,5.8
428,428,data/processed_audio/428.wav,6.6,6.6
429,429,data/processed_audio/429.wav,3.3,4.3
430,430,data/processed_audio/430.wav,4.0,2.9
431,431,data/processed_audio/431.wav,6.1,5.5
432,432,data/processed_audio/432.wav,5.3,5.3
435,435,data/processed_audio/435.wav,4.5,5.9
436,436,data/processed_audio/436.wav,4.3,5.2
437,437,data/processed_audio/437.wav,5.2,4.3
440,440,data/processed_audio/440.wav,5.3,6.3
441,441,data/processed_audio/441.wav,4.6,5.1
442,442,data/processed_audio/442.wav,4.1,4.5
444,444,data/processed_audio/444.wav,2.3,2.5
445,445,data/processed_audio/445.wav,2.4,4.6
448,448,data/processed_audio/448.wav,6.7,6.5
449,449,data/processed_audio/449.wav,3.6,3.8
450,450,data/processed_audio/450.wav,4.1,5.0
451,451,data/processed_audio/451.wav,4.9,4.4
452,452,data/processed_audio/452.wav,5.45,6.75
453,453,data/processed_audio/453.wav,4.6,5.6
454,454,data/processed_audio/454.wav,5.0,4.8
455,455,data/processed_audio/455.wav,5.4,5.7
456,456,data/processed_audio/456.wav,6.1,2.3
458,458,data/processed_audio/458.wav,3.4,5.0
459,459,data/processed_audio/459.wav,6.3,6.1
460,460,data/processed_audio/460.wav,3.8,3.8
461,461,data/processed_audio/461.wav,4.8,4.4
462,462,data/processed_audio/462.wav,5.8,4.6
463,463,data/processed_audio/463.wav,5.0,5.7
464,464,data/processed_audio/464.wav,5.1,5.6
466,466,data/processed_audio/466.wav,6.6,5.9
467,467,data/processed_audio/467.wav,5.7,6.8
468,468,data/processed_audio/468.wav,3.6,3.4
469,469,data/processed_audio/469.wav,5.1,5.3
472,472,data/processed_audio/472.wav,6.5,5.2
473,473,data/processed_audio/473.wav,7.1,5.5
475,475,data/processed_audio/475.wav,5.6,5.0
477,477,data/processed_audio/477.wav,7.1,7.2
478,478,data/processed_audio/478.wav,2.8,3.2
479,479,data/processed_audio/479.wav,4.5,5.7
480,480,data/processed_audio/480.wav,2.7,4.1
481,481,data/processed_audio/481.wav,3.4,4.7
482,482,data/processed_audio/482.wav,1.9,3.5
484,484,data/processed_audio/484.wav,6.4,6.5
485,485,data/processed_audio/485.wav,2.6,3.7
486,486,data/processed_audio/486.wav,6.2,5.7
487,487,data/processed_audio/487.wav,4.5,5.3
488,488,data/processed_audio/488.wav,1.6,3.4
489,489,data/processed_audio/489.wav,4.6,5.2
490,490,data/processed_audio/490.wav,3.9,3.7
492,492,data/processed_audio/492.wav,4.4,4.8
493,493,data/processed_audio/493.wav,3.7,4.9
494,494,data/processed_audio/494.wav,3.7,4.1
496,496,data/processed_audio/496.wav,4.7,5.9
497,497,data/processed_audio/497.wav,6.2,5.7
498,498,data/processed_audio/498.wav,2.9,2.8
499,499,data/processed_audio/499.wav,3.6,3.6
500,500,data/processed_audio/500.wav,6.0,5.2
501,501,data/processed_audio/501.wav,2.5,4.4
502,502,data/processed_audio/502.wav,4.8,4.6
503,503,data/processed_audio/503.wav,5.8,6.4
504,504,data/processed_audio/504.wav,4.8,4.0
506,506,data/processed_audio/506.wav,2.9,4.1
507,507,data/processed_audio/507.wav,4.9,4.8
512,512,data/processed_audio/512.wav,5.1,5.4
513,513,data/processed_audio/513.wav,3.1,4.2
514,514,data/processed_audio/514.wav,4.3,5.8
515,515,data/processed_audio/515.wav,3.8,3.4
518,518,data/processed_audio/518.wav,4.1,3.4
519,519,data/processed_audio/519.wav,6.8,5.3
520,520,data/processed_audio/520.wav,4.0,5.5
521,521,data/processed_audio/521.wav,3.8,4.6
522,522,data/processed_audio/522.wav,3.5,2.7
523,523,data/processed_audio/523.wav,5.1,5.9
524,524,data/processed_audio/524.wav,3.3,4.0
525,525,data/processed_audio/525.wav,4.3,4.8
527,527,data/processed_audio/527.wav,4.0,5.7
529,529,data/processed_audio/529.wav,4.7,5.8
530,530,data/processed_audio/530.wav,3.3,3.5
535,535,data/processed_audio/535.wav,6.1,6.5
536,536,data/processed_audio/536.wav,5.1,4.5
537,537,data/processed_audio/537.wav,5.0,2.6
540,540,data/processed_audio/540.wav,4.1,4.4
544,544,data/processed_audio/544.wav,4.8,4.5
547,547,data/processed_audio/547.wav,3.4,4.8
550,550,data/processed_audio/550.wav,4.2,5.9
551,551,data/processed_audio/551.wav,3.2,4.0
554,554,data/processed_audio/554.wav,2.8,5.0
555,555,data/processed_audio/555.wav,5.2,4.8
556,556,data/processed_audio/556.wav,5.6,6.1
558,558,data/processed_audio/558.wav,2.8,3.2
560,560,data/processed_audio/560.wav,2.9,4.6
561,561,data/processed_audio/561.wav,6.9,7.0
564,564,data/processed_audio/564.wav,4.7,4.9
565,565,data/processed_audio/565.wav,3.1,3.0
568,568,data/processed_audio/568.wav,5.4,3.1
574,574,data/processed_audio/574.wav,4.5,4.8
577,577,data/processed_audio/577.wav,5.6,5.5
579,579,data/processed_audio/579.wav,3.1,3.2
580,580,data/processed_audio/580.wav,2.4,4.4
581,581,data/processed_audio/581.wav,5.3,6.0
582,582,data/processed_audio/582.wav,3.1,4.9
584,584,data/processed_audio/584.wav,2.5,2.4
585,585,data/processed_audio/585.wav,4.0,4.2
586,586,data/processed_audio/586.wav,5.2,5.9
591,591,data/processed_audio/591.wav,5.7,6.2
592,592,data/processed_audio/592.wav,5.45,5.09
594,594,data/processed_audio/594.wav,4.2,3.1
597,597,data/processed_audio/597.wav,4.8,6.4
598,598,data/processed_audio/598.wav,4.0,5.6
600,600,data/processed_audio/600.wav,3.5,4.0
605,605,data/processed_audio/605.wav,4.4,6.0
606,606,data/processed_audio/606.wav,4.1,5.6
607,607,data/processed_audio/607.wav,4.4,6.1
608,608,data/processed_audio/608.wav,2.9,3.8
609,609,data/processed_audio/609.wav,5.3,5.55
610,610,data/processed_audio/610.wav,6.3,6.5
611,611,data/processed_audio/611.wav,5.1,4.8
612,612,data/processed_audio/612.wav,5.6,6.6
613,613,data/processed_audio/613.wav,5.2,6.8
614,614,data/processed_audio/614.wav,4.3,3.7
615,615,data/processed_audio/615.wav,3.2,5.0
616,616,data/processed_audio/616.wav,3.5,5.0
617,617,data/processed_audio/617.wav,6.5,3.0
620,620,data/processed_audio/620.wav,5.8,4.4
621,621,data/processed_audio/621.wav,2.9,4.4
622,622,data/processed_audio/622.wav,4.5,5.0
623,623,data/processed_audio/623.wav,3.8,5.9
625,625,data/processed_audio/625.wav,3.1,4.4
628,628,data/processed_audio/628.wav,4.9,6.8
629,629,data/processed_audio/629.wav,7.4,7.6
631,631,data/processed_audio/631.wav,7.6,3.1
632,632,data/processed_audio/632.wav,4.2,5.4
634,634,data/processed_audio/634.wav,4.7,5.8
635,635,data/processed_audio/635.wav,6.6,7.6
637,637,data/processed_audio/637.wav,2.2,3.6
638,638,data/processed_audio/638.wav,3.2,4.4
639,639,data/processed_audio/639.wav,6.1,6.3
640,640,data/processed_audio/640.wav,7.6,7.8
643,643,data/processed_audio/643.wav,3.5,4.2
644,644,data/processed_audio/644.wav,4.3,5.6
645,645,data/processed_audio/645.wav,4.6,5.7
646,646,data/processed_audio/646.wav,3.1,3.8
647,647,data/processed_audio/647.wav,3.0,5.8
648,648,data/processed_audio/648.wav,5.1,6.8
649,649,data/processed_audio/649.wav,6.2,6.7
650,650,data/processed_audio/650.wav,6.0,4.2
651,651,data/processed_audio/651.wav,6.4,7.1
652,652,data/processed_audio/652.wav,3.2,4.3
653,653,data/processed_audio/653.wav,5.3,6.5
654,654,data/processed_audio/654.wav,5.1,4.4
656,656,data/processed_audio/656.wav,2.6,4.1
657,657,data/processed_audio/657.wav,5.1,5.6
658,658,data/processed_audio/658.wav,4.4,5.7
660,660,data/processed_audio/660.wav,2.1,2.8
661,661,data/processed_audio/661.wav,2.2,2.8
662,662,data/processed_audio/662.wav,5.9,5.1
663,663,data/processed_audio/663.wav,3.3,4.3
664,664,data/processed_audio/664.wav,7.0,6.6
665,665,data/processed_audio/665.wav,5.7,6.2
666,666,data/processed_audio/666.wav,5.3,5.0
667,667,data/processed_audio/667.wav,4.2,4.9
668,668,data/processed_audio/668.wav,5.0,5.3
671,671,data/processed_audio/671.wav,3.1,3.7
672,672,data/processed_audio/672.wav,4.4,6.3
673,673,data/processed_audio/673.wav,6.6,6.7
674,674,data/processed_audio/674.wav,6.8,7.4
675,675,data/processed_audio/675.wav,5.1,5.8
676,676,data/processed_audio/676.wav,6.6,6.6
677,677,data/processed_audio/677.wav,6.5,5.3
681,681,data/processed_audio/681.wav,4.9,6.6
682,682,data/processed_audio/682.wav,4.8,6.0
684,684,data/processed_audio/684.wav,4.3,4.9
685,685,data/processed_audio/685.wav,4.5,3.6
686,686,data/processed_audio/686.wav,3.4,5.5
687,687,data/processed_audio/687.wav,7.3,7.4
688,688,data/processed_audio/688.wav,4.3,5.0
689,689,data/processed_audio/689.wav,3.8,4.6
690,690,data/processed_audio/690.wav,2.4,4.4
691,691,data/processed_audio/691.wav,5.0,3.7
692,692,data/processed_audio/692.wav,6.9,6.1
693,693,data/processed_audio/693.wav,6.2,5.3
695,695,data/processed_audio/695.wav,5.9,6.2
696,696,data/processed_audio/696.wav,5.3,5.8
697,697,data/processed_audio/697.wav,4.8,5.8
698,698,data/processed_audio/698.wav,3.9,3.7
699,699,data/processed_audio/699.wav,3.7,4.5
700,700,data/processed_audio/700.wav,4.8,5.6
702,702,data/processed_audio/702.wav,7.5,3.3
703,703,data/processed_audio/703.wav,5.1,6.0
704,704,data/processed_audio/704.wav,4.1,4.2
706,706,data/processed_audio/706.wav,5.5,6.0
707,707,data/processed_audio/707.wav,3.2,3.1
708,708,data/processed_audio/708.wav,3.2,3.2
709,709,data/processed_audio/709.wav,5.8,5.0
710,710,data/processed_audio/710.wav,5.4,5.1
711,711,data/processed_audio/711.wav,2.9,3.1
712,712,data/processed_audio/712.wav,3.4,5.3
713,713,data/processed_audio/713.wav,4.9,6.3
714,714,data/processed_audio/714.wav,4.4,4.8
715,715,data/processed_audio/715.wav,2.9,4.3
717,717,data/processed_audio/717.wav,4.5,4.9
718,718,data/processed_audio/718.wav,5.9,6.5
719,719,data/processed_audio/719.wav,7.1,7.2
721,721,data/processed_audio/721.wav,5.7,5.5
722,722,data/processed_audio/722.wav,5.7,7.0
723,723,data/processed_audio/723.wav,6.5,7.2
724,724,data/processed_audio/724.wav,6.0,6.1
725,725,data/processed_audio/725.wav,5.1,5.1
726,726,data/processed_audio/726.wav,7.0,3.6
727,727,data/processed_audio/727.wav,4.3,4.5
728,728,data/processed_audio/728.wav,6.9,7.5
729,729,data/processed_audio/729.wav,6.4,3.5
730,730,data/processed_audio/730.wav,3.7,4.5
731,731,data/processed_audio/731.wav,7.3,5.8
732,732,data/processed_audio/732.wav,5.6,6.3
733,733,data/processed_audio/733.wav,4.3,5.0
734,734,data/processed_audio/734.wav,5.7,6.3
735,735,data/processed_audio/735.wav,4.3,4.9
736,736,data/processed_audio/736.wav,2.7,3.7
737,737,data/processed_audio/737.wav,4.1,4.9
738,738,data/processed_audio/738.wav,5.5,6.2
739,739,data/processed_audio/739.wav,6.2,6.9
740,740,data/processed_audio/740.wav,3.7,4.0
741,741,data/processed_audio/741.wav,4.6,4.4
742,742,data/processed_audio/742.wav,6.1,6.5
743,743,data/processed_audio/743.wav,3.1,5.0
744,744,data/processed_audio/744.wav,6.1,5.5
745,745,data/processed_audio/745.wav,4.2,1.6
746,746,data/processed_audio/746.wav,3.7,4.6
747,747,data/processed_audio/747.wav,3.6,4.9
748,748,data/processed_audio/748.wav,5.1,4.4
749,749,data/processed_audio/749.wav,4.2,4.9
750,750,data/processed_audio/750.wav,5.3,5.7
756,756,data/processed_audio/756.wav,5.9,6.8
757,757,data/processed_audio/757.wav,6.0,6.1
758,758,data/processed_audio/758.wav,4.8,5.9
759,759,data/processed_audio/759.wav,6.7,5.9
763,763,data/processed_audio/763.wav,3.5,5.5
764,764,data/processed_audio/764.wav,6.3,7.5
767,767,data/processed_audio/767.wav,5.2,6.5
769,769,data/processed_audio/769.wav,6.2,5.0
773,773,data/processed_audio/773.wav,4.5,4.7
775,775,data/processed_audio/775.wav,3.7,4.4
776,776,data/processed_audio/776.wav,3.5,4.5
777,777,data/processed_audio/777.wav,6.2,5.1
779,779,data/processed_audio/779.wav,2.8,5.3
780,780,data/processed_audio/780.wav,5.8,6.2
781,781,data/processed_audio/781.wav,4.9,6.3
782,782,data/processed_audio/782.wav,7.2,4.7
784,784,data/processed_audio/784.wav,4.7,5.7
787,787,data/processed_audio/787.wav,6.1,6.3
789,789,data/processed_audio/789.wav,3.9,5.2
790,790,data/processed_audio/790.wav,7.2,5.4
791,791,data/processed_audio/791.wav,2.7,4.6
794,794,data/processed_audio/794.wav,2.5,4.2
795,795,data/processed_audio/795.wav,2.2,3.5
796,796,data/processed_audio/796.wav,5.2,5.1
797,797,data/processed_audio/797.wav,4.9,5.4
798,798,data/processed_audio/798.wav,6.5,5.9
799,799,data/processed_audio/799.wav,4.1,5.6
800,800,data/processed_audio/800.wav,4.5,4.5
801,801,data/processed_audio/801.wav,3.3,3.5
804,804,data/processed_audio/804.wav,6.9,6.8
805,805,data/processed_audio/805.wav,2.2,3.5
806,806,data/processed_audio/806.wav,6.4,6.6
807,807,data/processed_audio/807.wav,4.8,6.5
808,808,data/processed_audio/808.wav,3.1,4.3
810,810,data/processed_audio/810.wav,6.5,6.6
811,811,data/processed_audio/811.wav,4.1,4.9
813,813,data/processed_audio/813.wav,6.2,6.7
814,814,data/processed_audio/814.wav,6.1,5.3
815,815,data/processed_audio/815.wav,5.5,5.9
818,818,data/processed_audio/818.wav,5.9,6.8
819,819,data/processed_audio/819.wav,4.0,5.7
820,820,data/processed_audio/820.wav,6.4,6.4
823,823,data/processed_audio/823.wav,4.8,4.8
824,824,data/processed_audio/824.wav,7.2,7.0
825,825,data/processed_audio/825.wav,4.1,5.7
826,826,data/processed_audio/826.wav,4.0,4.7
829,829,data/processed_audio/829.wav,2.3,4.5
830,830,data/processed_audio/830.wav,5.3,5.9
831,831,data/processed_audio/831.wav,5.2,6.2
833,833,data/processed_audio/833.wav,5.0,5.8
834,834,data/processed_audio/834.wav,4.7,4.3
836,836,data/processed_audio/836.wav,7.1,5.7
839,839,data/processed_audio/839.wav,5.7,4.4
841,841,data/processed_audio/841.wav,4.2,4.7
844,844,data/processed_audio/844.wav,3.8,3.4
845,845,data/processed_audio/845.wav,5.1,4.0
846,846,data/processed_audio/846.wav,6.0,5.5
848,848,data/processed_audio/848.wav,2.2,2.7
850,850,data/processed_audio/850.wav,3.6,3.1
851,851,data/processed_audio/851.wav,5.0,4.4
852,852,data/processed_audio/852.wav,4.5,4.7
854,854,data/processed_audio/854.wav,2.9,3.8
855,855,data/processed_audio/855.wav,2.9,4.5
856,856,data/processed_audio/856.wav,6.7,5.6
857,857,data/processed_audio/857.wav,4.9,5.3
858,858,data/processed_audio/858.wav,4.4,4.5
859,859,data/processed_audio/859.wav,3.6,5.1
860,860,data/processed_audio/860.wav,6.6,6.7
863,863,data/processed_audio/863.wav,6.4,7.0
864,864,data/processed_audio/864.wav,5.7,5.9
865,865,data/processed_audio/865.wav,2.8,4.6
866,866,data/processed_audio/866.wav,5.8,5.1
867,867,data/processed_audio/867.wav,5.8,6.5
869,869,data/processed_audio/869.wav,2.6,4.1
871,871,data/processed_audio/871.wav,6.4,6.0
872,872,data/processed_audio/872.wav,3.4,5.5
873,873,data/processed_audio/873.wav,6.8,7.0
874,874,data/processed_audio/874.wav,6.3,4.4
876,876,data/processed_audio/876.wav,6.3,6.7
879,879,data/processed_audio/879.wav,5.6,6.0
880,880,data/processed_audio/880.wav,4.9,3.8
882,882,data/processed_audio/882.wav,5.3,5.2
884,884,data/processed_audio/884.wav,5.5,5.0
886,886,data/processed_audio/886.wav,5.9,5.4
887,887,data/processed_audio/887.wav,5.1,5.6
889,889,data/processed_audio/889.wav,6.9,7.2
890,890,data/processed_audio/890.wav,3.6,4.7
891,891,data/processed_audio/891.wav,3.4,5.5
892,892,data/processed_audio/892.wav,3.9,2.9
893,893,data/processed_audio/893.wav,7.3,3.3
897,897,data/processed_audio/897.wav,4.9,4.3
898,898,data/processed_audio/898.wav,6.4,5.5
899,899,data/processed_audio/899.wav,5.3,6.3
902,902,data/processed_audio/902.wav,7.0,3.3
903,903,data/processed_audio/903.wav,5.9,5.6
904,904,data/processed_audio/904.wav,5.7,4.2
908,908,data/processed_audio/908.wav,5.5,4.9
909,909,data/processed_audio/909.wav,6.0,5.5
910,910,data/processed_audio/910.wav,7.0,6.6
911,911,data/processed_audio/911.wav,7.1,4.0
913,913,data/processed_audio/913.wav,4.8,3.3
915,915,data/processed_audio/915.wav,5.0,5.2
921,921,data/processed_audio/921.wav,5.9,6.1
924,924,data/processed_audio/924.wav,5.4,6.2
925,925,data/processed_audio/925.wav,4.9,5.7
926,926,data/processed_audio/926.wav,4.0,5.5
928,928,data/processed_audio/928.wav,5.0,4.0
931,931,data/processed_audio/931.wav,6.3,6.5
932,932,data/processed_audio/932.wav,4.5,4.9
934,934,data/processed_audio/934.wav,6.2,6.4
936,936,data/processed_audio/936.wav,5.4,4.7
938,938,data/processed_audio/938.wav,7.3,4.2
939,939,data/processed_audio/939.wav,6.2,2.7
941,941,data/processed_audio/941.wav,7.2,5.9
942,942,data/processed_audio/942.wav,4.8,4.1
944,944,data/processed_audio/944.wav,7.1,6.5
945,945,data/processed_audio/945.wav,2.3,2.8
949,949,data/processed_audio/949.wav,5.7,6.1
952,952,data/processed_audio/952.wav,4.2,3.7
954,954,data/processed_audio/954.wav,5.1,5.5
955,955,data/processed_audio/955.wav,3.8,5.6
956,956,data/processed_audio/956.wav,4.5,5.4
957,957,data/processed_audio/957.wav,2.8,4.7
958,958,data/processed_audio/958.wav,5.5,5.1
959,959,data/processed_audio/959.wav,6.2,6.4
960,960,data/processed_audio/960.wav,7.7,7.7
961,961,data/processed_audio/961.wav,5.6,5.5
962,962,data/processed_audio/962.wav,7.4,3.4
964,964,data/processed_audio/964.wav,7.6,7.0
967,967,data/processed_audio/967.wav,2.8,4.4
968,968,data/processed_audio/968.wav,3.8,3.2
970,970,data/processed_audio/970.wav,6.6,6.6
973,973,data/processed_audio/973.wav,6.5,4.6
974,974,data/processed_audio/974.wav,4.1,4.2
976,976,data/processed_audio/976.wav,6.2,5.9
977,977,data/processed_audio/977.wav,7.3,3.5
978,978,data/processed_audio/978.wav,7.7,6.1
979,979,data/processed_audio/979.wav,3.1,5.5
980,980,data/processed_audio/980.wav,5.8,4.3
981,981,data/processed_audio/981.wav,6.7,6.6
983,983,data/processed_audio/983.wav,4.8,6.3
985,985,data/processed_audio/985.wav,3.9,6.1
986,986,data/processed_audio/986.wav,5.8,4.5
987,987,data/processed_audio/987.wav,6.3,3.6
988,988,data/processed_audio/988.wav,5.4,5.9
989,989,data/processed_audio/989.wav,6.3,6.4
990,990,data/processed_audio/990.wav,6.0,6.1
991,991,data/processed_audio/991.wav,3.1,3.5
993,993,data/processed_audio/993.wav,4.4,3.8
994,994,data/processed_audio/994.wav,6.6,5.3
995,995,data/processed_audio/995.wav,4.7,2.4
996,996,data/processed_audio/996.wav,6.0,6.7
997,997,data/processed_audio/997.wav,6.4,6.7
999,999,data/processed_audio/999.wav,4.1,5.9
1000,1000,data/processed_audio/1000.wav,6.8,5.6
1001,1001,data/processed_audio/1001.wav,4.4,3.8
1002,1002,data/processed_audio/1002.wav,4.5,3.2
1003,1003,data/processed_audio/1003.wav,5.3,3.3
1004,1004,data/processed_audio/1004.wav,3.8,4.7
1005,1005,data/processed_audio/1005.wav,5.4,5.1
1006,1006,data/processed_audio/1006.wav,4.6,4.4
1007,1007,data/processed_audio/1007.wav,5.2,5.4
1008,1008,data/processed_audio/1008.wav,6.0,5.4
1009,1009,data/processed_audio/1009.wav,3.5,3.7
1010,1010,data/processed_audio/1010.wav,6.5,6.5
1011,1011,data/processed_audio/1011.wav,4.5,3.0
1012,1012,data/processed_audio/1012.wav,4.3,2.9
1013,1013,data/processed_audio/1013.wav,3.2,3.5
1014,1014,data/processed_audio/1014.wav,4.9,4.5
1015,1015,data/processed_audio/1015.wav,5.9,6.3
1016,1016,data/processed_audio/1016.wav,3.3,1.9
1017,1017,data/processed_audio/1017.wav,4.1,3.8
1018,1018,data/processed_audio/1018.wav,3.7,2.5
1019,1019,data/processed_audio/1019.wav,4.3,2.8
1020,1020,data/processed_audio/1020.wav,3.4,2.5
1021,1021,data/processed_audio/1021.wav,6.2,4.8
1022,1022,data/processed_audio/1022.wav,3.3,3.3
1023,1023,data/processed_audio/1023.wav,2.9,2.3
1024,1024,data/processed_audio/1024.wav,3.2,2.9
1025,1025,data/processed_audio/1025.wav,5.1,6.1
1026,1026,data/processed_audio/1026.wav,3.7,2.8
1027,1027,data/processed_audio/1027.wav,4.6,3.8
1028,1028,data/processed_audio/1028.wav,4.5,4.8
1029,1029,data/processed_audio/1029.wav,3.9,4.5
1030,1030,data/processed_audio/1030.wav,5.7,5.2
1031,1031,data/processed_audio/1031.wav,4.8,5.0
1032,1032,data/processed_audio/1032.wav,3.3,4.1
1033,1033,data/processed_audio/1033.wav,5.3,5.6
1034,1034,data/processed_audio/1034.wav,3.3,2.8
1035,1035,data/processed_audio/1035.wav,4.3,4.2
1036,1036,data/processed_audio/1036.wav,4.8,3.0
1037,1037,data/processed_audio/1037.wav,5.0,4.4
1038,1038,data/processed_audio/1038.wav,5.0,4.1
1039,1039,data/processed_audio/1039.wav,6.3,4.6
1040,1040,data/processed_audio/1040.wav,6.2,5.3
1041,1041,data/processed_audio/1041.wav,5.6,5.4
1042,1042,data/processed_audio/1042.wav,5.0,4.3
1043,1043,data/processed_audio/1043.wav,4.9,5.0
1044,1044,data/processed_audio/1044.wav,7.1,6.1
1045,1045,data/processed_audio/1045.wav,4.4,3.1
1046,1046,data/processed_audio/1046.wav,5.6,5.0
1047,1047,data/processed_audio/1047.wav,5.3,4.4
1048,1048,data/processed_audio/1048.wav,5.0,6.7
1049,1049,data/processed_audio/1049.wav,5.3,6.7
1050,1050,data/processed_audio/1050.wav,6.0,5.8
1051,1051,data/processed_audio/1051.wav,5.2,5.3
1052,1052,data/processed_audio/1052.wav,5.5,6.6
1053,1053,data/processed_audio/1053.wav,4.5,6.3
1054,1054,data/processed_audio/1054.wav,3.7,6.3
1055,1055,data/processed_audio/1055.wav,3.7,6.3
1056,1056,data/processed_audio/1056.wav,4.2,5.0
1057,1057,data/processed_audio/1057.wav,4.7,7.1
1058,1058,data/processed_audio/1058.wav,4.0,5.8
1059,1059,data/processed_audio/1059.wav,4.7,7.5
1060,1060,data/processed_audio/1060.wav,5.2,6.1
1061,1061,data/processed_audio/1061.wav,6.5,6.2
1062,1062,data/processed_audio/1062.wav,4.1,4.3
1063,1063,data/processed_audio/1063.wav,5.2,6.4
1064,1064,data/processed_audio/1064.wav,5.2,7.1
1065,1065,data/processed_audio/1065.wav,6.0,6.4
1066,1066,data/processed_audio/1066.wav,6.1,5.5
1067,1067,data/processed_audio/1067.wav,4.0,3.4
1068,1068,data/processed_audio/1068.wav,5.9,5.3
1069,1069,data/processed_audio/1069.wav,4.3,5.6
1070,1070,data/processed_audio/1070.wav,5.2,5.8
1071,1071,data/processed_audio/1071.wav,6.5,5.3
1072,1072,data/processed_audio/1072.wav,6.3,5.5
1073,1073,data/processed_audio/1073.wav,5.2,3.8
1074,1074,data/processed_audio/1074.wav,6.8,6.4
1075,1075,data/processed_audio/1075.wav,6.4,6.6
1076,1076,data/processed_audio/1076.wav,6.0,5.0
1077,1077,data/processed_audio/1077.wav,6.4,4.8
1078,1078,data/processed_audio/1078.wav,6.8,6.0
1079,1079,data/processed_audio/1079.wav,6.9,5.6
1080,1080,data/processed_audio/1080.wav,6.0,5.0
1081,1081,data/processed_audio/1081.wav,5.0,3.5
1082,1082,data/processed_audio/1082.wav,6.7,6.4
1083,1083,data/processed_audio/1083.wav,6.1,6.6
1084,1084,data/processed_audio/1084.wav,5.1,3.4
1085,1085,data/processed_audio/1085.wav,6.1,5.2
1086,1086,data/processed_audio/1086.wav,5.9,4.3
1087,1087,data/processed_audio/1087.wav,6.0,6.4
1088,1088,data/processed_audio/1088.wav,7.3,6.6
1089,1089,data/processed_audio/1089.wav,6.4,6.6
1090,1090,data/processed_audio/1090.wav,5.6,6.6
1091,1091,data/processed_audio/1091.wav,5.7,5.8
1092,1092,data/processed_audio/1092.wav,5.8,6.3
1093,1093,data/processed_audio/1093.wav,5.8,6.0
1094,1094,data/processed_audio/1094.wav,6.4,6.3
1095,1095,data/processed_audio/1095.wav,6.2,6.2
1096,1096,data/processed_audio/1096.wav,3.8,3.6
1097,1097,data/processed_audio/1097.wav,5.5,5.4
1098,1098,data/processed_audio/1098.wav,6.8,6.3
1099,1099,data/processed_audio/1099.wav,5.7,5.9
1100,1100,data/processed_audio/1100.wav,6.3,5.6
1101,1101,data/processed_audio/1101.wav,3.7,2.4
1102,1102,data/processed_audio/1102.wav,2.3,4.5
1103,1103,data/processed_audio/1103.wav,3.6,3.5
1104,1104,data/processed_audio/1104.wav,4.2,4.4
1105,1105,data/processed_audio/1105.wav,3.8,3.7
1106,1106,data/processed_audio/1106.wav,3.0,3.9
1107,1107,data/processed_audio/1107.wav,3.0,3.2
1108,1108,data/processed_audio/1108.wav,4.8,3.7
1109,1109,data/processed_audio/1109.wav,4.2,2.4
1110,1110,data/processed_audio/1110.wav,5.1,5.4
1111,1111,data/processed_audio/1111.wav,3.2,2.9
1112,1112,data/processed_audio/1112.wav,3.1,2.3
1113,1113,data/processed_audio/1113.wav,3.4,3.0
1114,1114,data/processed_audio/1114.wav,3.4,3.3
1115,1115,data/processed_audio/1115.wav,4.4,3.9
1116,1116,data/processed_audio/1116.wav,5.7,3.0
1117,1117,data/processed_audio/1117.wav,4.2,3.4
1118,1118,data/processed_audio/1118.wav,4.0,1.9
1119,1119,data/processed_audio/1119.wav,3.4,2.1
1120,1120,data/processed_audio/1120.wav,3.4,2.8
1121,1121,data/processed_audio/1121.wav,3.9,2.3
1122,1122,data/processed_audio/1122.wav,6.8,5.4
1123,1123,data/processed_audio/1123.wav,3.1,3.1
1124,1124,data/processed_audio/1124.wav,5.4,5.1
1125,1125,data/processed_audio/1125.wav,4.9,3.0
1126,1126,data/processed_audio/1126.wav,3.9,3.2
1127,1127,data/processed_audio/1127.wav,3.4,3.0
1128,1128,data/processed_audio/1128.wav,3.7,2.7
1129,1129,data/processed_audio/1129.wav,3.5,2.4
1130,1130,data/processed_audio/1130.wav,3.8,3.1
1131,1131,data/processed_audio/1131.wav,4.5,3.4
1132,1132,data/processed_audio/1132.wav,4.6,3.4
1133,1133,data/processed_audio/1133.wav,5.0,2.4
1134,1134,data/processed_audio/1134.wav,4.1,2.1
1135,1135,data/processed_audio/1135.wav,3.1,2.7
1136,1136,data/processed_audio/1136.wav,4.5,3.4
1137,1137,data/processed_audio/1137.wav,4.3,4.2
1138,1138,data/processed_audio/1138.wav,4.4,3.7
1139,1139,data/processed_audio/1139.wav,5.1,2.5
1140,1140,data/processed_audio/1140.wav,5.9,5.4
1141,1141,data/processed_audio/1141.wav,4.5,3.6
1142,1142,data/processed_audio/1142.wav,3.2,2.1
1143,1143,data/processed_audio/1143.wav,3.8,5.1
1144,1144,data/processed_audio/1144.wav,3.7,4.6
1145,1145,data/processed_audio/1145.wav,4.7,2.4
1146,1146,data/processed_audio/1146.wav,2.6,3.4
1147,1147,data/processed_audio/1147.wav,4.6,3.6
1148,1148,data/processed_audio/1148.wav,3.4,3.0
1149,1149,data/processed_audio/1149.wav,4.0,2.6
1150,1150,data/processed_audio/1150.wav,4.1,2.3
1151,1151,data/processed_audio/1151.wav,5.0,5.6
1152,1152,data/processed_audio/1152.wav,6.1,5.6
1153,1153,data/processed_audio/1153.wav,3.9,2.5
1154,1154,data/processed_audio/1154.wav,3.9,4.4
1155,1155,data/processed_audio/1155.wav,4.2,4.3
1156,1156,data/processed_audio/1156.wav,7.0,5.6
1157,1157,data/processed_audio/1157.wav,6.9,6.1
1158,1158,data/processed_audio/1158.wav,6.2,6.2
1159,1159,data/processed_audio/1159.wav,5.8,6.0
1160,1160,data/processed_audio/1160.wav,6.4,5.4
1161,1161,data/processed_audio/1161.wav,4.1,2.5
1162,1162,data/processed_audio/1162.wav,3.6,3.8
1163,1163,data/processed_audio/1163.wav,6.2,5.3
1164,1164,data/processed_audio/1164.wav,3.6,3.1
1165,1165,data/processed_audio/1165.wav,3.5,2.8
1166,1166,data/processed_audio/1166.wav,4.6,3.3
1167,1167,data/processed_audio/1167.wav,3.6,2.8
1168,1168,data/processed_audio/1168.wav,4.4,3.3
1169,1169,data/processed_audio/1169.wav,3.9,2.8
1170,1170,data/processed_audio/1170.wav,3.1,2.1
1171,1171,data/processed_audio/1171.wav,3.6,1.9
1172,1172,data/processed_audio/1172.wav,3.9,2.5
1173,1173,data/processed_audio/1173.wav,4.3,4.0
1174,1174,data/processed_audio/1174.wav,3.6,3.3
1175,1175,data/processed_audio/1175.wav,3.7,3.4
1176,1176,data/processed_audio/1176.wav,4.9,2.7
1177,1177,data/processed_audio/1177.wav,5.2,3.3
1178,1178,data/processed_audio/1178.wav,4.9,4.5
1179,1179,data/processed_audio/1179.wav,3.4,4.1
1180,1180,data/processed_audio/1180.wav,3.3,2.6
1181,1181,data/processed_audio/1181.wav,3.7,4.4
1182,1182,data/processed_audio/1182.wav,2.7,2.2
1183,1183,data/processed_audio/1183.wav,3.7,3.2
1184,1184,data/processed_audio/1184.wav,4.2,2.3
1185,1185,data/processed_audio/1185.wav,6.2,4.8
1186,1186,data/processed_audio/1186.wav,3.7,1.9
1187,1187,data/processed_audio/1187.wav,4.4,4.1
1188,1188,data/processed_audio/1188.wav,4.7,3.3
1189,1189,data/processed_audio/1189.wav,4.8,3.2
1190,1190,data/processed_audio/1190.wav,3.5,2.2
1191,1191,data/processed_audio/1191.wav,4.4,2.6
1192,1192,data/processed_audio/1192.wav,3.7,2.9
1193,1193,data/processed_audio/1193.wav,4.4,3.9
1194,1194,data/processed_audio/1194.wav,3.4,2.5
1195,1195,data/processed_audio/1195.wav,4.2,4.0
1196,1196,data/processed_audio/1196.wav,3.8,2.7
1197,1197,data/processed_audio/1197.wav,3.9,2.8
1198,1198,data/processed_audio/1198.wav,3.5,1.8
1199,1199,data/processed_audio/1199.wav,4.5,3.5
1200,1200,data/processed_audio/1200.wav,3.2,3.6
1201,1201,data/processed_audio/1201.wav,6.0,5.5
1202,1202,data/processed_audio/1202.wav,4.1,2.7
1203,1203,data/processed_audio/1203.wav,4.0,3.4
1204,1204,data/processed_audio/1204.wav,6.6,5.5
1205,1205,data/processed_audio/1205.wav,6.0,5.7
1206,1206,data/processed_audio/1206.wav,5.1,5.8
1207,1207,data/processed_audio/1207.wav,4.7,3.4
1208,1208,data/processed_audio/1208.wav,6.2,4.6
1209,1209,data/processed_audio/1209.wav,4.4,2.7
1210,1210,data/processed_audio/1210.wav,3.8,2.4
1211,1211,data/processed_audio/1211.wav,5.5,4.7
1212,1212,data/processed_audio/1212.wav,3.5,2.7
1213,1213,data/processed_audio/1213.wav,3.1,2.8
1214,1214,data/processed_audio/1214.wav,6.2,5.3
1215,1215,data/processed_audio/1215.wav,6.2,5.6
1216,1216,data/processed_audio/1216.wav,5.5,5.3
1217,1217,data/processed_audio/1217.wav,3.9,2.6
1218,1218,data/processed_audio/1218.wav,3.9,4.1
1219,1219,data/processed_audio/1219.wav,4.3,2.2
1220,1220,data/processed_audio/1220.wav,3.6,2.2
1221,1221,data/processed_audio/1221.wav,5.4,5.3
1222,1222,data/processed_audio/1222.wav,4.1,3.2
1223,1223,data/processed_audio/1223.wav,4.6,5.6
1224,1224,data/processed_audio/1224.wav,6.2,6.8
1225,1225,data/processed_audio/1225.wav,3.4,4.6
1226,1226,data/processed_audio/1226.wav,3.9,3.8
1227,1227,data/processed_audio/1227.wav,4.7,5.7
1228,1228,data/processed_audio/1228.wav,5.4,3.3
1229,1229,data/processed_audio/1229.wav,5.2,4.3
1230,1230,data/processed_audio/1230.wav,5.3,3.7
1231,1231,data/processed_audio/1231.wav,5.5,6.5
1232,1232,data/processed_audio/1232.wav,6.9,6.3
1233,1233,data/processed_audio/1233.wav,5.5,4.8
1234,1234,data/processed_audio/1234.wav,4.6,3.0
1235,1235,data/processed_audio/1235.wav,4.9,5.8
1236,1236,data/processed_audio/1236.wav,4.5,4.9
1237,1237,data/processed_audio/1237.wav,4.1,3.3
1238,1238,data/processed_audio/1238.wav,5.5,5.1
1239,1239,data/processed_audio/1239.wav,6.3,6.7
1240,1240,data/processed_audio/1240.wav,2.7,2.6
1241,1241,data/processed_audio/1241.wav,4.1,3.7
1242,1242,data/processed_audio/1242.wav,4.7,4.3
1243,1243,data/processed_audio/1243.wav,5.8,5.7
1244,1244,data/processed_audio/1244.wav,4.6,3.7
1245,1245,data/processed_audio/1245.wav,6.4,5.3
1246,1246,data/processed_audio/1246.wav,4.5,3.1
1247,1247,data/processed_audio/1247.wav,4.4,6.3
1248,1248,data/processed_audio/1248.wav,3.7,3.0
1249,1249,data/processed_audio/1249.wav,5.1,5.6
1250,1250,data/processed_audio/1250.wav,7.0,7.4
1251,1251,data/processed_audio/1251.wav,6.9,6.3
1252,1252,data/processed_audio/1252.wav,5.2,5.1
1253,1253,data/processed_audio/1253.wav,4.1,3.0
1254,1254,data/processed_audio/1254.wav,4.7,6.2
1255,1255,data/processed_audio/1255.wav,3.4,2.0
1256,1256,data/processed_audio/1256.wav,5.7,5.5
1257,1257,data/processed_audio/1257.wav,5.0,3.8
1258,1258,data/processed_audio/1258.wav,5.7,5.6
1259,1259,data/processed_audio/1259.wav,3.6,2.8
1260,1260,data/processed_audio/1260.wav,7.2,6.5
1261,1261,data/processed_audio/1261.wav,3.8,3.1
1262,1262,data/processed_audio/1262.wav,4.5,4.8
1263,1263,data/processed_audio/1263.wav,5.8,5.1
1264,1264,data/processed_audio/1264.wav,4.6,3.6
1265,1265,data/processed_audio/1265.wav,5.8,5.5
1266,1266,data/processed_audio/1266.wav,5.6,5.1
1267,1267,data/processed_audio/1267.wav,4.5,3.7
1268,1268,data/processed_audio/1268.wav,5.3,3.7
1269,1269,data/processed_audio/1269.wav,3.5,4.4
1270,1270,data/processed_audio/1270.wav,4.6,5.3
1271,1271,data/processed_audio/1271.wav,4.6,4.7
1272,1272,data/processed_audio/1272.wav,4.0,3.2
1273,1273,data/processed_audio/1273.wav,4.8,5.6
1274,1274,data/processed_audio/1274.wav,6.0,5.4
1275,1275,data/processed_audio/1275.wav,3.5,2.8
1276,1276,data/processed_audio/1276.wav,4.8,5.5
1277,1277,data/processed_audio/1277.wav,2.9,2.2
1278,1278,data/processed_audio/1278.wav,5.1,4.1
1279,1279,data/processed_audio/1279.wav,5.6,4.2
1280,1280,data/processed_audio/1280.wav,5.9,5.4
1281,1281,data/processed_audio/1281.wav,5.4,4.5
1282,1282,data/processed_audio/1282.wav,6.8,6.4
1283,1283,data/processed_audio/1283.wav,3.3,5.2
1284,1284,data/processed_audio/1284.wav,6.3,6.6
1285,1285,data/processed_audio/1285.wav,5.1,4.9
1286,1286,data/processed_audio/1286.wav,3.8,3.0
1287,1287,data/processed_audio/1287.wav,4.5,4.3
1288,1288,data/processed_audio/1288.wav,5.2,3.4
1289,1289,data/processed_audio/1289.wav,5.0,4.4
1290,1290,data/processed_audio/1290.wav,6.6,6.6
1291,1291,data/processed_audio/1291.wav,3.6,2.5
1292,1292,data/processed_audio/1292.wav,5.6,5.2
1293,1293,data/processed_audio/1293.wav,5.7,5.1
1294,1294,data/processed_audio/1294.wav,5.9,5.5
1295,1295,data/processed_audio/1295.wav,6.9,6.4
1296,1296,data/processed_audio/1296.wav,5.0,5.9
1297,1297,data/processed_audio/1297.wav,4.8,3.7
1298,1298,data/processed_audio/1298.wav,6.9,5.6
1299,1299,data/processed_audio/1299.wav,4.5,4.7
1300,1300,data/processed_audio/1300.wav,6.0,4.5
1301,1301,data/processed_audio/1301.wav,4.4,2.8
1302,1302,data/processed_audio/1302.wav,4.4,3.8
1303,1303,data/processed_audio/1303.wav,6.1,6.5
1304,1304,data/processed_audio/1304.wav,5.2,6.3
1305,1305,data/processed_audio/1305.wav,4.7,6.2
1306,1306,data/processed_audio/1306.wav,5.3,5.3
1307,1307,data/processed_audio/1307.wav,5.1,5.4
1308,1308,data/processed_audio/1308.wav,5.8,5.3
1309,1309,data/processed_audio/1309.wav,6.5,7.4
1310,1310,data/processed_audio/1310.wav,5.1,4.4
1311,1311,data/processed_audio/1311.wav,4.1,3.5
1312,1312,data/processed_audio/1312.wav,5.3,4.0
1313,1313,data/processed_audio/1313.wav,4.2,3.0
1314,1314,data/processed_audio/1314.wav,4.1,4.1
1315,1315,data/processed_audio/1315.wav,7.0,6.4
1316,1316,data/processed_audio/1316.wav,5.2,4.0
1317,1317,data/processed_audio/1317.wav,5.3,6.2
1318,1318,data/processed_audio/1318.wav,4.8,4.3
1319,1319,data/processed_audio/1319.wav,6.5,5.6
1320,1320,data/processed_audio/1320.wav,3.8,6.5
1321,1321,data/processed_audio/1321.wav,4.5,5.7
1322,1322,data/processed_audio/1322.wav,6.5,5.5
1323,1323,data/processed_audio/1323.wav,5.5,5.0
1324,1324,data/processed_audio/1324.wav,6.1,6.7
1325,1325,data/processed_audio/1325.wav,5.9,5.8
1326,1326,data/processed_audio/1326.wav,6.1,5.0
1327,1327,data/processed_audio/1327.wav,5.5,2.8
1328,1328,data/processed_audio/1328.wav,4.4,2.7
1329,1329,data/processed_audio/1329.wav,5.3,4.2
1330,1330,data/processed_audio/1330.wav,5.7,7.2
1331,1331,data/processed_audio/1331.wav,5.3,4.4
1332,1332,data/processed_audio/1332.wav,2.5,2.3
1333,1333,data/processed_audio/1333.wav,4.5,5.7
1334,1334,data/processed_audio/1334.wav,3.8,7.8
1335,1335,data/processed_audio/1335.wav,5.4,5.6
1336,1336,data/processed_audio/1336.wav,3.6,2.7
1337,1337,data/processed_audio/1337.wav,5.0,6.5
1338,1338,data/processed_audio/1338.wav,6.2,6.4
1339,1339,data/processed_audio/1339.wav,7.2,6.8
1340,1340,data/processed_audio/1340.wav,6.4,5.7
1341,1341,data/processed_audio/1341.wav,3.5,3.2
1342,1342,data/processed_audio/1342.wav,6.5,6.4
1343,1343,data/processed_audio/1343.wav,6.0,5.4
1344,1344,data/processed_audio/1344.wav,6.3,5.5
1345,1345,data/processed_audio/1345.wav,4.5,2.9
1346,1346,data/processed_audio/1346.wav,6.5,5.6
1347,1347,data/processed_audio/1347.wav,4.6,4.0
1348,1348,data/processed_audio/1348.wav,5.8,6.3
1349,1349,data/processed_audio/1349.wav,5.2,5.2
1350,1350,data/processed_audio/1350.wav,4.0,2.6
1351,1351,data/processed_audio/1351.wav,6.3,5.9
1352,1352,data/processed_audio/1352.wav,6.7,6.4
1353,1353,data/processed_audio/1353.wav,5.3,6.4
1354,1354,data/processed_audio/1354.wav,4.6,2.0
1355,1355,data/processed_audio/1355.wav,6.3,3.8
1356,1356,data/processed_audio/1356.wav,5.2,5.2
1357,1357,data/processed_audio/1357.wav,4.5,6.0
1358,1358,data/processed_audio/1358.wav,6.0,6.0
1359,1359,data/processed_audio/1359.wav,3.6,3.4
1360,1360,data/processed_audio/1360.wav,5.5,2.9
1361,1361,data/processed_audio/1361.wav,4.4,2.5
1362,1362,data/processed_audio/1362.wav,4.4,5.4
1363,1363,data/processed_audio/1363.wav,5.1,3.6
1364,1364,data/processed_audio/1364.wav,4.3,6.2
1365,1365,data/processed_audio/1365.wav,6.5,6.4
1366,1366,data/processed_audio/1366.wav,5.4,6.3
1367,1367,data/processed_audio/1367.wav,7.1,7.2
1368,1368,data/processed_audio/1368.wav,3.4,3.3
1369,1369,data/processed_audio/1369.wav,6.8,6.6
1370,1370,data/processed_audio/1370.wav,4.3,4.1
1371,1371,data/processed_audio/1371.wav,5.7,5.4
1372,1372,data/processed_audio/1372.wav,4.8,5.2
1373,1373,data/processed_audio/1373.wav,6.6,5.7
1374,1374,data/processed_audio/1374.wav,6.0,4.1
1375,1375,data/processed_audio/1375.wav,5.6,5.6
1376,1376,data/processed_audio/1376.wav,7.0,6.6
1377,1377,data/processed_audio/1377.wav,3.7,3.1
1378,1378,data/processed_audio/1378.wav,5.5,5.7
1379,1379,data/processed_audio/1379.wav,5.8,5.7
1380,1380,data/processed_audio/1380.wav,4.1,4.5
1381,1381,data/processed_audio/1381.wav,6.1,7.1
1382,1382,data/processed_audio/1382.wav,4.8,4.7
1383,1383,data/processed_audio/1383.wav,5.6,3.0
1384,1384,data/processed_audio/1384.wav,5.8,5.4
1385,1385,data/processed_audio/1385.wav,6.0,6.0
1386,1386,data/processed_audio/1386.wav,5.9,5.0
1387,1387,data/processed_audio/1387.wav,6.1,4.5
1388,1388,data/processed_audio/1388.wav,6.8,7.8
1389,1389,data/processed_audio/1389.wav,4.2,3.3
1390,1390,data/processed_audio/1390.wav,6.1,6.3
1391,1391,data/processed_audio/1391.wav,4.3,5.7
1392,1392,data/processed_audio/1392.wav,6.2,6.7
1393,1393,data/processed_audio/1393.wav,6.2,4.1
1394,1394,data/processed_audio/1394.wav,6.0,4.1
1395,1395,data/processed_audio/1395.wav,4.7,3.5
1396,1396,data/processed_audio/1396.wav,6.1,6.0
1397,1397,data/processed_audio/1397.wav,4.3,3.3
1398,1398,data/processed_audio/1398.wav,6.9,7.6
1399,1399,data/processed_audio/1399.wav,6.1,6.4
1400,1400,data/processed_audio/1400.wav,5.6,5.8
1401,1401,data/processed_audio/1401.wav,5.8,5.3
1402,1402,data/processed_audio/1402.wav,5.6,2.5
1403,1403,data/processed_audio/1403.wav,5.6,5.1
1404,1404,data/processed_audio/1404.wav,3.8,2.7
1405,1405,data/processed_audio/1405.wav,3.7,2.2
1406,1406,data/processed_audio/1406.wav,3.9,3.7
1407,1407,data/processed_audio/1407.wav,3.6,3.8
1408,1408,data/processed_audio/1408.wav,4.2,5.0
1409,1409,data/processed_audio/1409.wav,4.9,3.7
1410,1410,data/processed_audio/1410.wav,6.0,4.4
1411,1411,data/processed_audio/1411.wav,3.9,2.7
1412,1412,data/processed_audio/1412.wav,4.6,3.2
1413,1413,data/processed_audio/1413.wav,4.3,4.1
1414,1414,data/processed_audio/1414.wav,3.7,4.0
1415,1415,data/processed_audio/1415.wav,5.7,4.7
1416,1416,data/processed_audio/1416.wav,4.4,2.7
1417,1417,data/processed_audio/1417.wav,4.6,2.4
1418,1418,data/processed_audio/1418.wav,4.3,3.8
1419,1419,data/processed_audio/1419.wav,3.7,2.5
1420,1420,data/processed_audio/1420.wav,4.8,3.1
1421,1421,data/processed_audio/1421.wav,4.2,3.2
1422,1422,data/processed_audio/1422.wav,4.1,2.8
1423,1423,data/processed_audio/1423.wav,4.2,5.5
1424,1424,data/processed_audio/1424.wav,4.5,3.5
1425,1425,data/processed_audio/1425.wav,5.1,5.2
1426,1426,data/processed_audio/1426.wav,6.6,6.4
1427,1427,data/processed_audio/1427.wav,5.0,4.9
1428,1428,data/processed_audio/1428.wav,4.7,3.5
1429,1429,data/processed_audio/1429.wav,3.0,2.3
1430,1430,data/processed_audio/1430.wav,4.6,3.2
1431,1431,data/processed_audio/1431.wav,4.1,4.1
1432,1432,data/processed_audio/1432.wav,3.7,2.6
1433,1433,data/processed_audio/1433.wav,4.0,3.6
1434,1434,data/processed_audio/1434.wav,3.7,2.8
1435,1435,data/processed_audio/1435.wav,3.6,5.3
1436,1436,data/processed_audio/1436.wav,4.7,3.8
1437,1437,data/processed_audio/1437.wav,5.1,4.5
1438,1438,data/processed_audio/1438.wav,3.6,2.9
1439,1439,data/processed_audio/1439.wav,4.1,2.9
1440,1440,data/processed_audio/1440.wav,5.1,4.9
1441,1441,data/processed_audio/1441.wav,5.0,4.0
1442,1442,data/processed_audio/1442.wav,5.3,2.8
1443,1443,data/processed_audio/1443.wav,5.8,2.9
1444,1444,data/processed_audio/1444.wav,4.6,3.1
1445,1445,data/processed_audio/1445.wav,5.1,3.6
1446,1446,data/processed_audio/1446.wav,5.8,3.2
1447,1447,data/processed_audio/1447.wav,4.4,4.1
1448,1448,data/processed_audio/1448.wav,4.4,4.4
1449,1449,data/processed_audio/1449.wav,4.6,4.1
1450,1450,data/processed_audio/1450.wav,5.7,5.0
1451,1451,data/processed_audio/1451.wav,5.1,4.8
1452,1452,data/processed_audio/1452.wav,4.2,3.9
1453,1453,data/processed_audio/1453.wav,4.0,3.8
1454,1454,data/processed_audio/1454.wav,5.2,3.6
1455,1455,data/processed_audio/1455.wav,4.1,4.2
1456,1456,data/processed_audio/1456.wav,4.3,2.2
1457,1457,data/processed_audio/1457.wav,5.4,4.8
1458,1458,data/processed_audio/1458.wav,4.2,4.7
1459,1459,data/processed_audio/1459.wav,5.4,5.1
1460,1460,data/processed_audio/1460.wav,4.8,3.9
1461,1461,data/processed_audio/1461.wav,5.3,4.2
1462,1462,data/processed_audio/1462.wav,4.8,3.9
1463,1463,data/processed_audio/1463.wav,3.3,3.0
1464,1464,data/processed_audio/1464.wav,4.8,4.4
1465,1465,data/processed_audio/1465.wav,5.2,3.7
1466,1466,data/processed_audio/1466.wav,6.1,4.5
1467,1467,data/processed_audio/1467.wav,4.0,4.2
1468,1468,data/processed_audio/1468.wav,3.7,2.0
1469,1469,data/processed_audio/1469.wav,3.1,3.2
1470,1470,data/processed_audio/1470.wav,5.1,3.2
1471,1471,data/processed_audio/1471.wav,7.3,6.8
1472,1472,data/processed_audio/1472.wav,5.0,5.2
1473,1473,data/processed_audio/1473.wav,6.1,6.0
1474,1474,data/processed_audio/1474.wav,6.6,6.4
1475,1475,data/processed_audio/1475.wav,4.3,3.2
1476,1476,data/processed_audio/1476.wav,4.5,5.1
1477,1477,data/processed_audio/1477.wav,5.1,4.5
1478,1478,data/processed_audio/1478.wav,5.1,3.5
1479,1479,data/processed_audio/1479.wav,5.0,5.1
1480,1480,data/processed_audio/1480.wav,4.8,5.3
1481,1481,data/processed_audio/1481.wav,3.9,3.7
1482,1482,data/processed_audio/1482.wav,4.3,3.4
1483,1483,data/processed_audio/1483.wav,3.9,3.8
1484,1484,data/processed_audio/1484.wav,4.4,3.8
1485,1485,data/processed_audio/1485.wav,4.7,3.8
1486,1486,data/processed_audio/1486.wav,3.7,2.9
1487,1487,data/processed_audio/1487.wav,4.3,2.4
1488,1488,data/processed_audio/1488.wav,4.9,3.9
1489,1489,data/processed_audio/1489.wav,4.9,4.6
1490,1490,data/processed_audio/1490.wav,3.8,3.1
1491,1491,data/processed_audio/1491.wav,4.8,5.2
1492,1492,data/processed_audio/1492.wav,3.3,2.8
1493,1493,data/processed_audio/1493.wav,4.0,6.1
1494,1494,data/processed_audio/1494.wav,4.9,3.8
1495,1495,data/processed_audio/1495.wav,4.4,3.9
1496,1496,data/processed_audio/1496.wav,6.1,5.8
1497,1497,data/processed_audio/1497.wav,4.4,3.6
1498,1498,data/processed_audio/1498.wav,4.8,3.8
1499,1499,data/processed_audio/1499.wav,4.8,4.5
1500,1500,data/processed_audio/1500.wav,3.8,3.2
1501,1501,data/processed_audio/1501.wav,5.0,4.9
1502,1502,data/processed_audio/1502.wav,7.2,7.0
1503,1503,data/processed_audio/1503.wav,5.9,4.1
1504,1504,data/processed_audio/1504.wav,6.0,5.9
1505,1505,data/processed_audio/1505.wav,4.2,4.9
1506,1506,data/processed_audio/1506.wav,5.0,4.8
1507,1507,data/processed_audio/1507.wav,5.5,5.7
1508,1508,data/processed_audio/1508.wav,5.9,5.3
1509,1509,data/processed_audio/1509.wav,5.9,5.4
1510,1510,data/processed_audio/1510.wav,4.1,5.6
1511,1511,data/processed_audio/1511.wav,5.5,5.6
1512,1512,data/processed_audio/1512.wav,3.8,5.2
1513,1513,data/processed_audio/1513.wav,6.1,6.3
1514,1514,data/processed_audio/1514.wav,4.6,5.4
1515,1515,data/processed_audio/1515.wav,4.4,4.8
1516,1516,data/processed_audio/1516.wav,5.6,4.9
1517,1517,data/processed_audio/1517.wav,6.0,5.0
1518,1518,data/processed_audio/1518.wav,6.1,6.3
1519,1519,data/processed_audio/1519.wav,5.0,5.6
1520,1520,data/processed_audio/1520.wav,5.3,5.3
1521,1521,data/processed_audio/1521.wav,4.8,4.9
1522,1522,data/processed_audio/1522.wav,5.2,5.7
1523,1523,data/processed_audio/1523.wav,6.9,4.8
1524,1524,data/processed_audio/1524.wav,5.6,4.4
1525,1525,data/processed_audio/1525.wav,4.5,4.5
1526,1526,data/processed_audio/1526.wav,5.9,5.9
1527,1527,data/processed_audio/1527.wav,4.5,4.7
1528,1528,data/processed_audio/1528.wav,5.5,4.6
1529,1529,data/processed_audio/1529.wav,5.4,5.7
1530,1530,data/processed_audio/1530.wav,6.2,4.2
1531,1531,data/processed_audio/1531.wav,5.1,4.8
1532,1532,data/processed_audio/1532.wav,5.8,5.6
1533,1533,data/processed_audio/1533.wav,5.2,5.3
1534,1534,data/processed_audio/1534.wav,5.7,5.7
1535,1535,data/processed_audio/1535.wav,5.4,5.3
1536,1536,data/processed_audio/1536.wav,4.8,3.4
1537,1537,data/processed_audio/1537.wav,5.9,3.4
1538,1538,data/processed_audio/1538.wav,6.3,4.7
1539,1539,data/processed_audio/1539.wav,4.4,4.7
1540,1540,data/processed_audio/1540.wav,5.7,5.1
1541,1541,data/processed_audio/1541.wav,5.2,4.6
1542,1542,data/processed_audio/1542.wav,5.5,5.5
1543,1543,data/processed_audio/1543.wav,6.1,5.4
1544,1544,data/processed_audio/1544.wav,6.4,5.4
1545,1545,data/processed_audio/1545.wav,4.8,4.8
1546,1546,data/processed_audio/1546.wav,5.3,4.4
1547,1547,data/processed_audio/1547.wav,4.0,5.8
1548,1548,data/processed_audio/1548.wav,4.6,3.7
1549,1549,data/processed_audio/1549.wav,4.9,5.2
1550,1550,data/processed_audio/1550.wav,4.8,3.7
1551,1551,data/processed_audio/1551.wav,5.6,5.4
1552,1552,data/processed_audio/1552.wav,5.6,5.6
1553,1553,data/processed_audio/1553.wav,5.6,5.9
1554,1554,data/processed_audio/1554.wav,5.8,4.5
1555,1555,data/processed_audio/1555.wav,4.4,2.9
1556,1556,data/processed_audio/1556.wav,4.7,6.1
1557,1557,data/processed_audio/1557.wav,5.5,6.3
1558,1558,data/processed_audio/1558.wav,3.4,5.9
1559,1559,data/processed_audio/1559.wav,5.8,5.2
1560,1560,data/processed_audio/1560.wav,5.2,5.2
1561,1561,data/processed_audio/1561.wav,5.0,6.0
1562,1562,data/processed_audio/1562.wav,4.8,6.3
1563,1563,data/processed_audio/1563.wav,5.1,5.7
1564,1564,data/processed_audio/1564.wav,6.1,6.4
1565,1565,data/processed_audio/1565.wav,4.6,4.9
1566,1566,data/processed_audio/1566.wav,6.2,5.3
1567,1567,data/processed_audio/1567.wav,4.0,5.0
1568,1568,data/processed_audio/1568.wav,5.4,6.0
1569,1569,data/processed_audio/1569.wav,5.6,5.8
1570,1570,data/processed_audio/1570.wav,5.2,4.6
1571,1571,data/processed_audio/1571.wav,4.4,6.9
1572,1572,data/processed_audio/1572.wav,5.5,5.0
1573,1573,data/processed_audio/1573.wav,4.9,3.6
1574,1574,data/processed_audio/1574.wav,5.9,5.4
1575,1575,data/processed_audio/1575.wav,5.2,5.1
1576,1576,data/processed_audio/1576.wav,5.4,3.9
1577,1577,data/processed_audio/1577.wav,5.2,4.7
1578,1578,data/processed_audio/1578.wav,5.9,4.8
1579,1579,data/processed_audio/1579.wav,5.8,4.9
1580,1580,data/processed_audio/1580.wav,6.1,5.2
1581,1581,data/processed_audio/1581.wav,6.5,6.1
1582,1582,data/processed_audio/1582.wav,5.9,5.4
1583,1583,data/processed_audio/1583.wav,5.6,5.2
1584,1584,data/processed_audio/1584.wav,4.9,4.6
1585,1585,data/processed_audio/1585.wav,5.0,3.9
1586,1586,data/processed_audio/1586.wav,4.3,5.0
1587,1587,data/processed_audio/1587.wav,5.0,5.5
1588,1588,data/processed_audio/1588.wav,4.9,5.8
1589,1589,data/processed_audio/1589.wav,5.8,6.1
1590,1590,data/processed_audio/1590.wav,4.2,6.2
1591,1591,data/processed_audio/1591.wav,5.9,4.7
1592,1592,data/processed_audio/1592.wav,6.1,6.4
1593,1593,data/processed_audio/1593.wav,4.7,3.5
1594,1594,data/processed_audio/1594.wav,5.6,5.4
1595,1595,data/processed_audio/1595.wav,5.6,5.9
1596,1596,data/processed_audio/1596.wav,5.5,5.1
1597,1597,data/processed_audio/1597.wav,5.5,5.0
1598,1598,data/processed_audio/1598.wav,4.3,5.5
1599,1599,data/processed_audio/1599.wav,3.6,4.1
1600,1600,data/processed_audio/1600.wav,5.6,5.6
1601,1601,data/processed_audio/1601.wav,5.0,5.3
1602,1602,data/processed_audio/1602.wav,5.0,3.7
1603,1603,data/processed_audio/1603.wav,5.4,3.9
1604,1604,data/processed_audio/1604.wav,4.5,3.6
1605,1605,data/processed_audio/1605.wav,5.6,4.0
1606,1606,data/processed_audio/1606.wav,5.6,4.9
1607,1607,data/processed_audio/1607.wav,4.5,3.0
1608,1608,data/processed_audio/1608.wav,4.5,7.0
1609,1609,data/processed_audio/1609.wav,6.4,6.5
1610,1610,data/processed_audio/1610.wav,6.4,4.1
1611,1611,data/processed_audio/1611.wav,5.7,6.2
1612,1612,data/processed_audio/1612.wav,3.8,3.1
1613,1613,data/processed_audio/1613.wav,6.2,6.6
1614,1614,data/processed_audio/1614.wav,6.6,4.6
1615,1615,data/processed_audio/1615.wav,5.7,4.6
1616,1616,data/processed_audio/1616.wav,4.8,5.5
1617,1617,data/processed_audio/1617.wav,6.1,5.9
1618,1618,data/processed_audio/1618.wav,6.1,3.9
1619,1619,data/processed_audio/1619.wav,5.2,5.3
1620,1620,data/processed_audio/1620.wav,6.3,5.7
1621,1621,data/processed_audio/1621.wav,6.1,6.0
1622,1622,data/processed_audio/1622.wav,6.0,5.9
1623,1623,data/processed_audio/1623.wav,5.6,5.3
1624,1624,data/processed_audio/1624.wav,5.7,6.4
1625,1625,data/processed_audio/1625.wav,4.9,4.4
1626,1626,data/processed_audio/1626.wav,6.1,6.0
1627,1627,data/processed_audio/1627.wav,4.4,3.9
1628,1628,data/processed_audio/1628.wav,4.7,4.8
1629,1629,data/processed_audio/1629.wav,6.4,6.3
1630,1630,data/processed_audio/1630.wav,6.0,5.4
1631,1631,data/processed_audio/1631.wav,5.7,4.8
1632,1632,data/processed_audio/1632.wav,5.2,3.4
1633,1633,data/processed_audio/1633.wav,6.5,6.3
1634,1634,data/processed_audio/1634.wav,5.5,6.1
1635,1635,data/processed_audio/1635.wav,6.8,6.1
1636,1636,data/processed_audio/1636.wav,4.6,5.2
1637,1637,data/processed_audio/1637.wav,5.5,3.6
1638,1638,data/processed_audio/1638.wav,5.9,3.9
1639,1639,data/processed_audio/1639.wav,5.3,5.3
1640,1640,data/processed_audio/1640.wav,6.6,6.1
1641,1641,data/processed_audio/1641.wav,4.6,5.3
1642,1642,data/processed_audio/1642.wav,5.1,4.9
1643,1643,data/processed_audio/1643.wav,4.4,4.3
1644,1644,data/processed_audio/1644.wav,5.0,5.9
1645,1645,data/processed_audio/1645.wav,5.8,5.7
1646,1646,data/processed_audio/1646.wav,4.5,3.7
1647,1647,data/processed_audio/1647.wav,7.1,5.8
1648,1648,data/processed_audio/1648.wav,3.9,2.5
1649,1649,data/processed_audio/1649.wav,6.1,6.0
1650,1650,data/processed_audio/1650.wav,5.9,4.7
1651,1651,data/processed_audio/1651.wav,4.8,6.0
1652,1652,data/processed_audio/1652.wav,7.2,6.3
1653,1653,data/processed_audio/1653.wav,4.3,3.1
1654,1654,data/processed_audio/1654.wav,4.8,3.1
1655,1655,data/processed_audio/1655.wav,6.1,6.1
1656,1656,data/processed_audio/1656.wav,4.7,4.0
1657,1657,data/processed_audio/1657.wav,5.6,5.7
1658,1658,data/processed_audio/1658.wav,6.2,5.9
1659,1659,data/processed_audio/1659.wav,4.6,4.6
1660,1660,data/processed_audio/1660.wav,5.2,5.5
1661,1661,data/processed_audio/1661.wav,5.7,6.3
1662,1662,data/processed_audio/1662.wav,6.1,6.0
1663,1663,data/processed_audio/1663.wav,4.6,4.9
1664,1664,data/processed_audio/1664.wav,4.2,4.0
1665,1665,data/processed_audio/1665.wav,5.6,5.7
1666,1666,data/processed_audio/1666.wav,3.8,3.3
1667,1667,data/processed_audio/1667.wav,6.0,7.5
1668,1668,data/processed_audio/1668.wav,5.5,5.5
1669,1669,data/processed_audio/1669.wav,5.5,4.9
1670,1670,data/processed_audio/1670.wav,5.9,5.4
1671,1671,data/processed_audio/1671.wav,4.2,3.3
1672,1672,data/processed_audio/1672.wav,4.4,2.6
1673,1673,data/processed_audio/1673.wav,6.1,5.9
1674,1674,data/processed_audio/1674.wav,5.0,5.3
1675,1675,data/processed_audio/1675.wav,5.5,5.7
1676,1676,data/processed_audio/1676.wav,5.6,4.9
1677,1677,data/processed_audio/1677.wav,6.8,6.4
1678,1678,data/processed_audio/1678.wav,5.1,4.2
1679,1679,data/processed_audio/1679.wav,5.4,5.6
1680,1680,data/processed_audio/1680.wav,6.8,6.1
1681,1681,data/processed_audio/1681.wav,5.0,3.5
1682,1682,data/processed_audio/1682.wav,6.1,5.8
1683,1683,data/processed_audio/1683.wav,6.0,4.8
1684,1684,data/processed_audio/1684.wav,5.1,5.0
1685,1685,data/processed_audio/1685.wav,5.4,4.5
1686,1686,data/processed_audio/1686.wav,3.7,3.3
1687,1687,data/processed_audio/1687.wav,5.1,4.7
1688,1688,data/processed_audio/1688.wav,5.2,4.7
1689,1689,data/processed_audio/1689.wav,7.1,6.4
1690,1690,data/processed_audio/1690.wav,5.4,4.6
1691,1691,data/processed_audio/1691.wav,3.7,3.6
1692,1692,data/processed_audio/1692.wav,3.8,3.3
1693,1693,data/processed_audio/1693.wav,4.4,3.8
1694,1694,data/processed_audio/1694.wav,4.5,6.1
1695,1695,data/processed_audio/1695.wav,5.7,5.6
1696,1696,data/processed_audio/1696.wav,3.8,3.3
1697,1697,data/processed_audio/1697.wav,3.3,2.8
1698,1698,data/processed_audio/1698.wav,4.5,4.5
1699,1699,data/processed_audio/1699.wav,5.1,5.0
1700,1700,data/processed_audio/1700.wav,5.6,5.0
1701,1701,data/processed_audio/1701.wav,4.0,3.1
1702,1702,data/processed_audio/1702.wav,4.1,3.9
1703,1703,data/processed_audio/1703.wav,5.3,6.7
1704,1704,data/processed_audio/1704.wav,5.3,6.4
1705,1705,data/processed_audio/1705.wav,4.0,4.4
1706,1706,data/processed_audio/1706.wav,4.9,4.0
1707,1707,data/processed_audio/1707.wav,3.5,4.0
1708,1708,data/processed_audio/1708.wav,4.2,3.6
1709,1709,data/processed_audio/1709.wav,4.0,3.8
1710,1710,data/processed_audio/1710.wav,3.6,2.9
1711,1711,data/processed_audio/1711.wav,5.0,3.2
1712,1712,data/processed_audio/1712.wav,4.4,2.9
1713,1713,data/processed_audio/1713.wav,6.2,5.7
1714,1714,data/processed_audio/1714.wav,6.1,4.0
1715,1715,data/processed_audio/1715.wav,5.9,5.6
1716,1716,data/processed_audio/1716.wav,5.8,5.4
1717,1717,data/processed_audio/1717.wav,6.0,4.8
1718,1718,data/processed_audio/1718.wav,4.7,3.5
1719,1719,data/processed_audio/1719.wav,5.0,3.3
1720,1720,data/processed_audio/1720.wav,7.5,6.0
1721,1721,data/processed_audio/1721.wav,4.2,2.9
1722,1722,data/processed_audio/1722.wav,5.0,3.1
1723,1723,data/processed_audio/1723.wav,4.3,3.4
1724,1724,data/processed_audio/1724.wav,3.7,3.3
1725,1725,data/processed_audio/1725.wav,5.2,4.4
1726,1726,data/processed_audio/1726.wav,4.6,3.2
1727,1727,data/processed_audio/1727.wav,4.9,4.7
1728,1728,data/processed_audio/1728.wav,3.1,4.7
1729,1729,data/processed_audio/1729.wav,5.1,5.4
1730,1730,data/processed_audio/1730.wav,5.3,3.9
1731,1731,data/processed_audio/1731.wav,4.2,3.6
1732,1732,data/processed_audio/1732.wav,4.2,3.0
1733,1733,data/processed_audio/1733.wav,3.8,3.3
1734,1734,data/processed_audio/1734.wav,5.1,5.2
1735,1735,data/processed_audio/1735.wav,4.7,3.0
1736,1736,data/processed_audio/1736.wav,4.7,3.1
1737,1737,data/processed_audio/1737.wav,3.6,3.6
1738,1738,data/processed_audio/1738.wav,2.8,4.8
1739,1739,data/processed_audio/1739.wav,3.7,2.8
1740,1740,data/processed_audio/1740.wav,5.3,4.3
1741,1741,data/processed_audio/1741.wav,3.3,3.5
1742,1742,data/processed_audio/1742.wav,6.8,5.1
1743,1743,data/processed_audio/1743.wav,6.8,6.5
1744,1744,data/processed_audio/1744.wav,4.9,4.3
1745,1745,data/processed_audio/1745.wav,7.1,5.9
1746,1746,data/processed_audio/1746.wav,5.7,4.8
1747,1747,data/processed_audio/1747.wav,4.3,2.9
1748,1748,data/processed_audio/1748.wav,5.4,4.1
1749,1749,data/processed_audio/1749.wav,6.7,4.6
1750,1750,data/processed_audio/1750.wav,4.7,5.3
1751,1751,data/processed_audio/1751.wav,4.1,4.3
1752,1752,data/processed_audio/1752.wav,5.5,6.1
1753,1753,data/processed_audio/1753.wav,3.2,3.4
1754,1754,data/processed_audio/1754.wav,4.2,2.4
1755,1755,data/processed_audio/1755.wav,6.4,5.7
1756,1756,data/processed_audio/1756.wav,4.4,3.9
1757,1757,data/processed_audio/1757.wav,5.0,3.1
1758,1758,data/processed_audio/1758.wav,5.4,3.0
1759,1759,data/processed_audio/1759.wav,5.4,4.7
1760,1760,data/processed_audio/1760.wav,4.3,4.1
1761,1761,data/processed_audio/1761.wav,7.9,7.1
1762,1762,data/processed_audio/1762.wav,6.1,5.4
1763,1763,data/processed_audio/1763.wav,4.4,3.5
1764,1764,data/processed_audio/1764.wav,4.9,4.0
1765,1765,data/processed_audio/1765.wav,5.8,4.6
1766,1766,data/processed_audio/1766.wav,3.7,3.0
1767,1767,data/processed_audio/1767.wav,3.8,2.4
1768,1768,data/processed_audio/1768.wav,4.1,3.1
1769,1769,data/processed_audio/1769.wav,5.9,5.3
1770,1770,data/processed_audio/1770.wav,4.5,2.9
1771,1771,data/processed_audio/1771.wav,4.9,5.3
1772,1772,data/processed_audio/1772.wav,5.6,4.3
1773,1773,data/processed_audio/1773.wav,5.4,4.1
1774,1774,data/processed_audio/1774.wav,4.9,4.8
1775,1775,data/processed_audio/1775.wav,4.6,3.0
1776,1776,data/processed_audio/1776.wav,4.8,3.8
1777,1777,data/processed_audio/1777.wav,5.3,4.4
1778,1778,data/processed_audio/1778.wav,4.4,3.2
1779,1779,data/processed_audio/1779.wav,5.7,2.9
1780,1780,data/processed_audio/1780.wav,4.8,3.5
1781,1781,data/processed_audio/1781.wav,4.2,2.7
1782,1782,data/processed_audio/1782.wav,4.7,5.2
1783,1783,data/processed_audio/1783.wav,4.2,3.3
1784,1784,data/processed_audio/1784.wav,5.5,5.1
1785,1785,data/processed_audio/1785.wav,5.6,5.2
1786,1786,data/processed_audio/1786.wav,4.2,3.1
1787,1787,data/processed_audio/1787.wav,3.9,3.4
1788,1788,data/processed_audio/1788.wav,3.6,6.0
1789,1789,data/processed_audio/1789.wav,5.9,5.1
1790,1790,data/processed_audio/1790.wav,3.8,3.3
1791,1791,data/processed_audio/1791.wav,5.3,3.3
1792,1792,data/processed_audio/1792.wav,6.1,5.1
1793,1793,data/processed_audio/1793.wav,5.1,4.2
1794,1794,data/processed_audio/1794.wav,4.2,3.7
1795,1795,data/processed_audio/1795.wav,3.9,3.0
1796,1796,data/processed_audio/1796.wav,5.8,6.0
1797,1797,data/processed_audio/1797.wav,3.6,4.1
1798,1798,data/processed_audio/1798.wav,5.7,4.0
1799,1799,data/processed_audio/1799.wav,5.8,4.5
1800,1800,data/processed_audio/1800.wav,3.4,2.6
1801,1801,data/processed_audio/1801.wav,3.4,2.8
1802,1802,data/processed_audio/1802.wav,5.7,6.6
1803,1803,data/processed_audio/1803.wav,4.1,3.6
1804,1804,data/processed_audio/1804.wav,5.7,5.9
1805,1805,data/processed_audio/1805.wav,5.7,4.9
1806,1806,data/processed_audio/1806.wav,6.5,6.2
1807,1807,data/processed_audio/1807.wav,5.7,5.3
1808,1808,data/processed_audio/1808.wav,5.4,5.3
1809,1809,data/processed_audio/1809.wav,4.0,4.1
1810,1810,data/processed_audio/1810.wav,4.1,4.0
1811,1811,data/processed_audio/1811.wav,4.6,4.7
1812,1812,data/processed_audio/1812.wav,5.0,5.0
1813,1813,data/processed_audio/1813.wav,6.1,5.7
1814,1814,data/processed_audio/1814.wav,6.0,5.8
1815,1815,data/processed_audio/1815.wav,6.4,5.8
1816,1816,data/processed_audio/1816.wav,5.0,4.5
1817,1817,data/processed_audio/1817.wav,6.6,6.0
1818,1818,data/processed_audio/1818.wav,4.3,3.2
1819,1819,data/processed_audio/1819.wav,4.1,4.1
1820,1820,data/processed_audio/1820.wav,4.5,4.4
1821,1821,data/processed_audio/1821.wav,6.2,6.6
1822,1822,data/processed_audio/1822.wav,4.7,3.5
1823,1823,data/processed_audio/1823.wav,2.7,5.6
1824,1824,data/processed_audio/1824.wav,6.2,5.7
1825,1825,data/processed_audio/1825.wav,4.8,4.5
1826,1826,data/processed_audio/1826.wav,5.1,3.7
1827,1827,data/processed_audio/1827.wav,5.6,6.7
1828,1828,data/processed_audio/1828.wav,5.8,6.6
1829,1829,data/processed_audio/1829.wav,4.8,3.6
1830,1830,data/processed_audio/1830.wav,5.7,5.3
1831,1831,data/processed_audio/1831.wav,6.2,5.6
1832,1832,data/processed_audio/1832.wav,5.7,5.2
1833,1833,data/processed_audio/1833.wav,4.5,3.2
1834,1834,data/processed_audio/1834.wav,6.3,5.7
1835,1835,data/processed_audio/1835.wav,5.3,3.2
1836,1836,data/processed_audio/1836.wav,5.6,4.6
1837,1837,data/processed_audio/1837.wav,4.2,2.9
1838,1838,data/processed_audio/1838.wav,4.6,5.0
1839,1839,data/processed_audio/1839.wav,6.0,5.7
1840,1840,data/processed_audio/1840.wav,4.8,5.4
1841,1841,data/processed_audio/1841.wav,4.6,3.1
1842,1842,data/processed_audio/1842.wav,5.8,6.3
1843,1843,data/processed_audio/1843.wav,4.9,4.7
1844,1844,data/processed_audio/1844.wav,6.1,5.5
1845,1845,data/processed_audio/1845.wav,5.9,5.9
1846,1846,data/processed_audio/1846.wav,5.8,5.8
1847,1847,data/processed_audio/1847.wav,3.2,2.6
1848,1848,data/processed_audio/1848.wav,5.5,5.0
1849,1849,data/processed_audio/1849.wav,6.0,5.8
1850,1850,data/processed_audio/1850.wav,3.7,2.7
1851,1851,data/processed_audio/1851.wav,4.6,3.3
1852,1852,data/processed_audio/1852.wav,4.1,4.7
1853,1853,data/processed_audio/1853.wav,6.5,5.7
1854,1854,data/processed_audio/1854.wav,5.2,4.5
1855,1855,data/processed_audio/1855.wav,5.4,6.0
1856,1856,data/processed_audio/1856.wav,6.1,6.7
1857,1857,data/processed_audio/1857.wav,5.3,5.0
1858,1858,data/processed_audio/1858.wav,5.2,5.6
1859,1859,data/processed_audio/1859.wav,5.2,5.0
1860,1860,data/processed_audio/1860.wav,3.7,3.5
1861,1861,data/processed_audio/1861.wav,5.1,5.0
1862,1862,data/processed_audio/1862.wav,5.1,4.9
1863,1863,data/processed_audio/1863.wav,6.4,5.7
1864,1864,data/processed_audio/1864.wav,6.1,7.4
1865,1865,data/processed_audio/1865.wav,6.8,5.9
1866,1866,data/processed_audio/1866.wav,4.8,4.5
1867,1867,data/processed_audio/1867.wav,4.2,4.0
1868,1868,data/processed_audio/1868.wav,5.8,5.0
1869,1869,data/processed_audio/1869.wav,4.1,3.7
1870,1870,data/processed_audio/1870.wav,5.4,5.6
1871,1871,data/processed_audio/1871.wav,6.4,6.6
1872,1872,data/processed_audio/1872.wav,4.5,4.2
1873,1873,data/processed_audio/1873.wav,4.7,3.4
1874,1874,data/processed_audio/1874.wav,5.0,6.3
1875,1875,data/processed_audio/1875.wav,6.3,6.2
1876,1876,data/processed_audio/1876.wav,6.3,5.0
1877,1877,data/processed_audio/1877.wav,6.2,5.5
1878,1878,data/processed_audio/1878.wav,6.7,6.3
1879,1879,data/processed_audio/1879.wav,5.4,6.4
1880,1880,data/processed_audio/1880.wav,5.4,3.2
1881,1881,data/processed_audio/1881.wav,5.0,5.2
1882,1882,data/processed_audio/1882.wav,5.5,6.2
1883,1883,data/processed_audio/1883.wav,5.6,4.5
1884,1884,data/processed_audio/1884.wav,6.5,5.6
1885,1885,data/processed_audio/1885.wav,3.9,3.9
1886,1886,data/processed_audio/1886.wav,4.1,3.0
1887,1887,data/processed_audio/1887.wav,6.0,5.8
1888,1888,data/processed_audio/1888.wav,3.4,3.2
1889,1889,data/processed_audio/1889.wav,5.6,5.5
1890,1890,data/processed_audio/1890.wav,6.0,5.8
1891,1891,data/processed_audio/1891.wav,5.0,3.5
1892,1892,data/processed_audio/1892.wav,5.1,6.1
1893,1893,data/processed_audio/1893.wav,6.3,6.2
1894,1894,data/processed_audio/1894.wav,4.8,4.8
1895,1895,data/processed_audio/1895.wav,6.5,5.9
1896,1896,data/processed_audio/1896.wav,4.9,2.1
1897,1897,data/processed_audio/1897.wav,4.2,3.8
1898,1898,data/processed_audio/1898.wav,5.1,4.2
1899,1899,data/processed_audio/1899.wav,5.0,4.1
1900,1900,data/processed_audio/1900.wav,6.5,6.7
1901,1901,data/processed_audio/1901.wav,5.2,6.4
1902,1902,data/processed_audio/1902.wav,4.4,7.3
1903,1903,data/processed_audio/1903.wav,3.2,6.9
1904,1904,data/processed_audio/1904.wav,4.1,3.4
1905,1905,data/processed_audio/1905.wav,3.7,6.5
1906,1906,data/processed_audio/1906.wav,4.4,6.2
1907,1907,data/processed_audio/1907.wav,4.9,6.5
1908,1908,data/processed_audio/1908.wav,5.2,5.1
1909,1909,data/processed_audio/1909.wav,4.9,5.0
1910,1910,data/processed_audio/1910.wav,3.8,3.3
1911,1911,data/processed_audio/1911.wav,4.3,5.4
1912,1912,data/processed_audio/1912.wav,5.4,5.5
1913,1913,data/processed_audio/1913.wav,6.0,6.5
1914,1914,data/processed_audio/1914.wav,5.3,6.3
1915,1915,data/processed_audio/1915.wav,6.3,6.5
1916,1916,data/processed_audio/1916.wav,5.4,6.3
1917,1917,data/processed_audio/1917.wav,4.1,4.6
1918,1918,data/processed_audio/1918.wav,3.4,4.6
1919,1919,data/processed_audio/1919.wav,4.5,5.4
1920,1920,data/processed_audio/1920.wav,5.7,6.4
1921,1921,data/processed_audio/1921.wav,4.4,6.5
1922,1922,data/processed_audio/1922.wav,5.6,5.8
1923,1923,data/processed_audio/1923.wav,6.4,6.2
1924,1924,data/processed_audio/1924.wav,5.3,5.7
1925,1925,data/processed_audio/1925.wav,4.9,4.5
1926,1926,data/processed_audio/1926.wav,5.2,6.1
1927,1927,data/processed_audio/1927.wav,5.6,4.6
1928,1928,data/processed_audio/1928.wav,3.7,5.6
1929,1929,data/processed_audio/1929.wav,5.1,6.7
1930,1930,data/processed_audio/1930.wav,4.6,4.0
1931,1931,data/processed_audio/1931.wav,4.7,5.5
1932,1932,data/processed_audio/1932.wav,4.8,6.0
1933,1933,data/processed_audio/1933.wav,5.2,7.0
1934,1934,data/processed_audio/1934.wav,5.8,3.8
1935,1935,data/processed_audio/1935.wav,4.7,4.4
1936,1936,data/processed_audio/1936.wav,2.9,3.0
1937,1937,data/processed_audio/1937.wav,4.3,3.9
1938,1938,data/processed_audio/1938.wav,5.6,7.0
1939,1939,data/processed_audio/1939.wav,4.4,3.2
1940,1940,data/processed_audio/1940.wav,5.1,5.6
1941,1941,data/processed_audio/1941.wav,5.2,4.4
1942,1942,data/processed_audio/1942.wav,6.4,6.8
1943,1943,data/processed_audio/1943.wav,4.2,4.4
1944,1944,data/processed_audio/1944.wav,6.1,5.1
1945,1945,data/processed_audio/1945.wav,6.0,6.1
1946,1946,data/processed_audio/1946.wav,4.0,6.0
1947,1947,data/processed_audio/1947.wav,5.0,7.4
1948,1948,data/processed_audio/1948.wav,4.0,6.7
1949,1949,data/processed_audio/1949.wav,2.2,5.1
1950,1950,data/processed_audio/1950.wav,3.8,3.4
1951,1951,data/processed_audio/1951.wav,4.6,4.0
1952,1952,data/processed_audio/1952.wav,4.1,4.4
1953,1953,data/processed_audio/1953.wav,5.1,4.4
1954,1954,data/processed_audio/1954.wav,6.7,5.7
1955,1955,data/processed_audio/1955.wav,5.5,6.5
1956,1956,data/processed_audio/1956.wav,5.4,5.9
1957,1957,data/processed_audio/1957.wav,4.8,4.8
1958,1958,data/processed_audio/1958.wav,4.8,5.1
1959,1959,data/processed_audio/1959.wav,4.7,5.8
1960,1960,data/processed_audio/1960.wav,4.5,6.7
1961,1961,data/processed_audio/1961.wav,5.9,5.3
1962,1962,data/processed_audio/1962.wav,4.4,5.0
1963,1963,data/processed_audio/1963.wav,3.9,5.5
1964,1964,data/processed_audio/1964.wav,3.6,6.7
1965,1965,data/processed_audio/1965.wav,3.3,3.5
1966,1966,data/processed_audio/1966.wav,3.6,5.0
1967,1967,data/processed_audio/1967.wav,4.7,6.9
1968,1968,data/processed_audio/1968.wav,4.6,6.18
1969,1969,data/processed_audio/1969.wav,3.7,5.7
1970,1970,data/processed_audio/1970.wav,5.9,7.1
1971,1971,data/processed_audio/1971.wav,5.5,5.5
1972,1972,data/processed_audio/1972.wav,6.0,5.9
1973,1973,data/processed_audio/1973.wav,4.3,4.3
1974,1974,data/processed_audio/1974.wav,3.4,4.7
1975,1975,data/processed_audio/1975.wav,4.7,5.6
1976,1976,data/processed_audio/1976.wav,4.9,5.4
1977,1977,data/processed_audio/1977.wav,4.7,5.2
1978,1978,data/processed_audio/1978.wav,6.5,6.5
1979,1979,data/processed_audio/1979.wav,5.5,7.2
1980,1980,data/processed_audio/1980.wav,5.5,5.4
1981,1981,data/processed_audio/1981.wav,5.1,5.8
1982,1982,data/processed_audio/1982.wav,4.5,4.5
1983,1983,data/processed_audio/1983.wav,2.9,3.4
1984,1984,data/processed_audio/1984.wav,3.7,2.9
1985,1985,data/processed_audio/1985.wav,4.8,5.6
1986,1986,data/processed_audio/1986.wav,4.0,5.1
1987,1987,data/processed_audio/1987.wav,6.5,6.3
1988,1988,data/processed_audio/1988.wav,5.5,5.8
1989,1989,data/processed_audio/1989.wav,5.0,5.7
1990,1990,data/processed_audio/1990.wav,4.2,4.1
1991,1991,data/processed_audio/1991.wav,5.0,6.0
1992,1992,data/processed_audio/1992.wav,4.9,6.8
1993,1993,data/processed_audio/1993.wav,3.5,7.0
1994,1994,data/processed_audio/1994.wav,3.8,3.5
1995,1995,data/processed_audio/1995.wav,4.7,4.7
1996,1996,data/processed_audio/1996.wav,3.9,5.9
1997,1997,data/processed_audio/1997.wav,5.3,3.9
1998,1998,data/processed_audio/1998.wav,6.4,6.2
1999,1999,data/processed_audio/1999.wav,4.6,5.4
2000,2000,data/processed_audio/2000.wav,5.8,6.0
2001,2001,data/processed_audio/2001.wav,3.2,6.6
2002,2002,data/processed_audio/2002.wav,6.4,5.2
2003,2003,data/processed_audio/2003.wav,5.4,4.6
2004,2004,data/processed_audio/2004.wav,5.0,4.8
2005,2005,data/processed_audio/2005.wav,3.8,5.2
2006,2006,data/processed_audio/2006.wav,5.0,3.2
2007,2007,data/processed_audio/2007.wav,3.4,4.4
2008,2008,data/processed_audio/2008.wav,5.6,3.6
2009,2009,data/processed_audio/2009.wav,5.2,4.2
2010,2010,data/processed_audio/2010.wav,6.0,4.8
2011,2011,data/processed_audio/2011.wav,4.2,5.0
2012,2012,data/processed_audio/2012.wav,3.17,5.17
2013,2013,data/processed_audio/2013.wav,5.4,5.6
2014,2014,data/processed_audio/2014.wav,3.0,6.6
2015,2015,data/processed_audio/2015.wav,6.6,5.4
2016,2016,data/processed_audio/2016.wav,7.2,5.6
2017,2017,data/processed_audio/2017.wav,6.67,6.5
2018,2018,data/processed_audio/2018.wav,6.5,6.33
2019,2019,data/processed_audio/2019.wav,6.8,6.8
2020,2020,data/processed_audio/2020.wav,6.8,5.8
2021,2021,data/processed_audio/2021.wav,4.2,4.4
2022,2022,data/processed_audio/2022.wav,3.8,4.4
2023,2023,data/processed_audio/2023.wav,5.6,3.0
2024,2024,data/processed_audio/2024.wav,6.4,4.4
2025,2025,data/processed_audio/2025.wav,6.0,4.8
2026,2026,data/processed_audio/2026.wav,5.6,4.0
2027,2027,data/processed_audio/2027.wav,5.8,5.4
2028,2028,data/processed_audio/2028.wav,3.4,6.2
2029,2029,data/processed_audio/2029.wav,4.17,4.0
2030,2030,data/processed_audio/2030.wav,4.2,6.2
2031,2031,data/processed_audio/2031.wav,4.6,3.4
2032,2032,data/processed_audio/2032.wav,5.2,4.4
2033,2033,data/processed_audio/2033.wav,3.17,6.83
2034,2034,data/processed_audio/2034.wav,6.2,4.6
2035,2035,data/processed_audio/2035.wav,3.4,4.6
2036,2036,data/processed_audio/2036.wav,3.83,4.67
2037,2037,data/processed_audio/2037.wav,6.4,4.4
2038,2038,data/processed_audio/2038.wav,4.0,3.8
2039,2039,data/processed_audio/2039.wav,5.4,4.6
2040,2040,data/processed_audio/2040.wav,3.6,7.0
2041,2041,data/processed_audio/2041.wav,4.4,3.0
2042,2042,data/processed_audio/2042.wav,4.8,4.6
2043,2043,data/processed_audio/2043.wav,5.6,4.4
2044,2044,data/processed_audio/2044.wav,6.4,5.2
2045,2045,data/processed_audio/2045.wav,4.8,3.2
2046,2046,data/processed_audio/2046.wav,5.5,5.17
2047,2047,data/processed_audio/2047.wav,6.2,5.0
2048,2048,data/processed_audio/2048.wav,6.2,3.6
2049,2049,data/processed_audio/2049.wav,4.4,3.8
2050,2050,data/processed_audio/2050.wav,4.4,3.6
2051,2051,data/processed_audio/2051.wav,3.2,4.6
2052,2052,data/processed_audio/2052.wav,3.2,5.2
2053,2053,data/processed_audio/2053.wav,3.8,3.8
2054,2054,data/processed_audio/2054.wav,5.4,3.6
2055,2055,data/processed_audio/2055.wav,5.0,5.2
2056,2056,data/processed_audio/2056.wav,5.0,4.6
2057,2057,data/processed_audio/2057.wav,3.17,6.83
2058,2058,data/processed_audio/2058.wav,3.8,5.8
